Request_ID,Request_Date,Requested_Product_ID,Requested_Category,Quantity_Requested,Available,Alternative_Offered,Alternative_Product_ID,Ordered_For_Customer,Order_ID,Fulfilled_Date,Outcome
70758,2025-01-01,144.0,,1,0,1,148.0,0,,,Alternative Accepted
70857,2025-01-01,153.0,,2,0,1,154.0,1,9699.0,2025-01-04,Ordered and Fulfilled
71030,2025-01-01,135.0,,2,1,0,,0,,2025-01-01,Sold
70347,2025-01-02,,Antihistamine,2,0,0,,0,,,Unavailable
70460,2025-01-02,128.0,,1,0,1,130.0,0,,,Unavailable
70598,2025-01-02,136.0,,1,0,1,140.0,1,9590.0,2025-01-06,Ordered and Fulfilled
70759,2025-01-02,144.0,,2,0,0,,1,9663.0,2025-01-07,Ordered and Fulfilled
70834,2025-01-02,147.0,,1,0,1,150.0,1,9695.0,2025-01-05,Ordered and Fulfilled
70926,2025-01-02,154.0,,2,0,0,,1,9727.0,2025-01-09,Ordered and Fulfilled
71247,2025-01-02,145.0,,1,1,0,,0,,2025-01-02,Sold
70299,2025-01-03,120.0,,2,0,0,,1,9456.0,2025-01-06,Ordered and Fulfilled
70599,2025-01-03,136.0,,2,0,1,137.0,1,9591.0,2025-01-07,Ordered and Fulfilled
70835,2025-01-03,147.0,,2,0,0,,0,,,Unavailable
70858,2025-01-03,153.0,,2,0,0,,0,,,Customer Declined
71277,2025-01-03,165.0,,1,1,0,,0,,2025-01-03,Sold
70221,2025-01-04,115.0,,1,0,1,117.0,0,,,Customer Declined
70760,2025-01-04,144.0,,2,0,1,147.0,1,9664.0,2025-01-09,Ordered and Fulfilled
70836,2025-01-04,147.0,,1,0,1,150.0,0,,,Alternative Accepted
71103,2025-01-04,123.0,,2,1,0,,0,,2025-01-04,Sold
70001,2025-01-05,102.0,,2,0,0,,1,9330.0,2025-01-10,Ordered and Fulfilled
70679,2025-01-05,137.0,,1,0,0,,0,,,Unavailable
70761,2025-01-05,144.0,,2,0,1,145.0,0,,,Unavailable
70348,2025-01-06,121.0,,1,0,1,124.0,0,,,Unavailable
70461,2025-01-06,128.0,,2,0,1,133.0,0,,,Alternative Accepted
70505,2025-01-06,132.0,,1,0,0,,0,,,Customer Declined
70762,2025-01-06,144.0,,1,0,0,,1,9665.0,2025-01-11,Ordered and Fulfilled
70927,2025-01-06,,Dermatological,2,0,0,,0,,,Customer Declined
70070,2025-01-07,103.0,,1,0,1,102.0,0,,,Customer Declined
70506,2025-01-07,132.0,,2,0,1,127.0,0,,,Alternative Accepted
70600,2025-01-07,136.0,,1,0,0,,0,,,Unavailable
70749,2025-01-07,140.0,,2,0,1,135.0,0,,,Unavailable
71018,2025-01-07,166.0,,1,1,0,,0,,2025-01-07,Sold
71022,2025-01-08,158.0,,1,1,0,,0,,2025-01-08,Sold
70222,2025-01-09,115.0,,2,0,1,118.0,0,,,Alternative Accepted
70601,2025-01-09,136.0,,1,0,1,140.0,0,,,Alternative Accepted
70763,2025-01-09,144.0,,1,0,1,149.0,1,9666.0,2025-01-14,Ordered and Fulfilled
70928,2025-01-09,154.0,,2,0,0,,1,9728.0,2025-01-11,Ordered and Fulfilled
71081,2025-01-09,117.0,,1,1,0,,0,,2025-01-09,Sold
71309,2025-01-09,108.0,,1,1,0,,0,,2025-01-09,Sold
70071,2025-01-10,103.0,,1,0,0,,0,,,Customer Declined
70462,2025-01-10,128.0,,2,0,1,130.0,1,9525.0,2025-01-15,Ordered and Fulfilled
70680,2025-01-10,,Gastro/Antacid,1,0,0,,0,,,Unavailable
70859,2025-01-10,,Dermatological,1,0,0,,0,,,Unavailable
70929,2025-01-10,,Dermatological,2,0,1,152.0,0,,,Customer Declined
71032,2025-01-10,151.0,,1,1,0,,0,,2025-01-10,Sold
71229,2025-01-10,150.0,,1,1,0,,0,,2025-01-10,Sold
71187,2025-01-11,163.0,,2,1,0,,0,,2025-01-11,Sold
71260,2025-01-11,118.0,,1,1,0,,0,,2025-01-11,Sold
71268,2025-01-11,143.0,,1,1,0,,0,,2025-01-11,Sold
70002,2025-01-12,102.0,,2,0,1,101.0,1,9331.0,2025-01-17,Ordered and Fulfilled
70223,2025-01-12,115.0,,2,0,0,,0,,,Customer Declined
70349,2025-01-12,121.0,,1,0,1,126.0,0,,,Customer Declined
70764,2025-01-12,,Vitamins & Supplements,2,0,0,,0,,,Customer Declined
70860,2025-01-12,153.0,,1,0,1,156.0,1,9700.0,2025-01-15,Ordered and Fulfilled
70995,2025-01-12,162.0,,2,0,1,160.0,0,,,Alternative Accepted
71097,2025-01-12,149.0,,1,1,0,,0,,2025-01-12,Sold
71293,2025-01-12,152.0,,2,1,0,,0,,2025-01-12,Sold
70003,2025-01-13,102.0,,1,0,0,,1,9332.0,2025-01-18,Ordered and Fulfilled
70350,2025-01-13,121.0,,2,0,1,126.0,0,,,Customer Declined
70507,2025-01-13,132.0,,2,0,1,133.0,1,9542.0,2025-01-17,Ordered and Fulfilled
70602,2025-01-13,136.0,,2,0,0,,1,9592.0,2025-01-17,Ordered and Fulfilled
70930,2025-01-13,154.0,,2,0,1,157.0,1,9729.0,2025-01-17,Ordered and Fulfilled
71076,2025-01-13,143.0,,1,1,0,,0,,2025-01-13,Sold
70004,2025-01-14,102.0,,2,0,1,101.0,0,,,Alternative Accepted
70072,2025-01-14,103.0,,1,0,1,101.0,1,9362.0,2025-01-18,Ordered and Fulfilled
70508,2025-01-14,132.0,,1,0,1,134.0,1,9543.0,2025-01-22,Ordered and Fulfilled
70603,2025-01-14,136.0,,2,0,1,135.0,0,,,Unavailable
70837,2025-01-14,147.0,,1,0,1,146.0,0,,,Customer Declined
70931,2025-01-14,154.0,,2,0,1,153.0,0,,,Alternative Accepted
71262,2025-01-14,149.0,,1,1,0,,0,,2025-01-14,Sold
70224,2025-01-15,,Antibiotic,1,0,0,,0,,,Customer Declined
70351,2025-01-15,,Antihistamine,2,0,0,,0,,,Customer Declined
70417,2025-01-15,,Antihistamine,2,0,0,,1,9506.0,2025-01-22,Ordered and Fulfilled
70463,2025-01-15,128.0,,1,0,1,131.0,0,,,Alternative Accepted
70572,2025-01-15,133.0,,2,0,1,129.0,1,9577.0,2025-01-17,Ordered and Fulfilled
70604,2025-01-15,136.0,,2,0,0,,0,,,Unavailable
70681,2025-01-15,137.0,,2,0,1,136.0,0,,,Unavailable
71107,2025-01-15,130.0,,1,1,0,,0,,2025-01-15,Sold
70464,2025-01-16,128.0,,2,0,1,127.0,1,9526.0,2025-01-21,Ordered and Fulfilled
70932,2025-01-16,,Dermatological,1,0,1,151.0,0,,,Unavailable
71098,2025-01-16,146.0,,1,1,0,,0,,2025-01-16,Sold
70073,2025-01-17,103.0,,2,0,0,,0,,,Customer Declined
70352,2025-01-17,,Antihistamine,2,0,0,,0,,,Unavailable
70605,2025-01-17,136.0,,2,0,1,141.0,0,,,Customer Declined
70682,2025-01-17,137.0,,1,0,1,141.0,0,,,Customer Declined
70005,2025-01-18,102.0,,1,0,0,,1,9333.0,2025-01-23,Ordered and Fulfilled
70074,2025-01-18,103.0,,1,0,0,,0,,,Customer Declined
70225,2025-01-18,115.0,,1,0,1,114.0,1,9423.0,2025-01-21,Ordered and Fulfilled
70509,2025-01-18,132.0,,1,0,1,133.0,0,,,Alternative Accepted
70765,2025-01-18,144.0,,2,0,1,148.0,1,9667.0,2025-01-23,Ordered and Fulfilled
70933,2025-01-18,154.0,,2,0,1,157.0,1,9730.0,2025-01-20,Ordered and Fulfilled
71101,2025-01-18,105.0,,1,1,0,,0,,2025-01-18,Sold
71310,2025-01-18,119.0,,2,1,0,,0,,2025-01-18,Sold
70226,2025-01-19,115.0,,2,0,1,118.0,0,,,Alternative Accepted
70353,2025-01-19,121.0,,1,0,0,,1,9475.0,2025-01-24,Ordered and Fulfilled
70573,2025-01-19,133.0,,1,0,0,,0,,,Customer Declined
70861,2025-01-19,153.0,,2,0,1,151.0,1,9701.0,,Other
70996,2025-01-19,162.0,,1,0,1,159.0,0,,,Alternative Accepted
71173,2025-01-19,108.0,,1,1,0,,0,,2025-01-19,Sold
70006,2025-01-20,102.0,,1,0,1,101.0,0,,,Customer Declined
70227,2025-01-20,115.0,,1,0,1,119.0,1,9424.0,2025-01-23,Ordered and Fulfilled
70418,2025-01-20,124.0,,2,0,1,121.0,0,,,Alternative Accepted
70465,2025-01-20,128.0,,1,0,1,129.0,0,,,Alternative Accepted
70606,2025-01-20,136.0,,1,0,0,,0,,,Unavailable
71061,2025-01-20,142.0,,2,1,0,,0,,2025-01-20,Sold
71206,2025-01-20,143.0,,2,1,0,,0,,2025-01-20,Sold
70007,2025-01-21,102.0,,1,0,1,101.0,1,9334.0,2025-01-26,Ordered and Fulfilled
70766,2025-01-21,144.0,,1,0,1,148.0,1,9668.0,2025-01-26,Ordered and Fulfilled
70934,2025-01-21,154.0,,2,0,1,155.0,1,9731.0,2025-01-23,Ordered and Fulfilled
70008,2025-01-22,,Antimalarial,1,0,1,103.0,0,,,Alternative Accepted
70354,2025-01-22,121.0,,2,0,0,,0,,,Unavailable
70419,2025-01-22,124.0,,2,0,0,,0,,,Unavailable
70510,2025-01-22,132.0,,2,0,0,,1,9544.0,2025-01-26,Ordered and Fulfilled
70862,2025-01-22,153.0,,1,0,1,156.0,0,,,Alternative Accepted
70075,2025-01-23,103.0,,1,0,1,101.0,1,9363.0,2025-01-27,Ordered and Fulfilled
70935,2025-01-23,154.0,,2,0,1,156.0,1,9732.0,2025-01-25,Ordered and Fulfilled
71126,2025-01-23,104.0,,1,1,0,,0,,2025-01-23,Sold
70511,2025-01-24,132.0,,2,0,1,129.0,1,9545.0,2025-01-28,Ordered and Fulfilled
70683,2025-01-24,137.0,,1,0,1,138.0,1,9629.0,2025-01-28,Ordered and Fulfilled
70936,2025-01-24,154.0,,2,0,1,155.0,1,9733.0,,Other
71132,2025-01-24,130.0,,1,1,0,,0,,2025-01-24,Sold
70076,2025-01-25,103.0,,1,0,1,101.0,0,,,Alternative Accepted
70228,2025-01-25,115.0,,2,0,1,114.0,0,,,Alternative Accepted
70466,2025-01-25,,Cough & Cold,2,0,0,,0,,,Unavailable
70607,2025-01-25,,Gastro/Antacid,2,0,1,140.0,0,,,Alternative Accepted
70684,2025-01-25,137.0,,1,0,1,140.0,0,,,Customer Declined
70750,2025-01-25,140.0,,1,0,1,137.0,0,,,Alternative Accepted
70767,2025-01-25,144.0,,2,0,1,143.0,0,,,Alternative Accepted
70937,2025-01-25,154.0,,1,0,0,,0,,,Unavailable
70181,2025-01-26,113.0,,1,0,1,115.0,0,,,Customer Declined
70300,2025-01-26,120.0,,2,0,0,,0,,,Unavailable
70355,2025-01-26,121.0,,2,0,1,123.0,0,,,Alternative Accepted
70420,2025-01-26,124.0,,2,0,1,121.0,0,,,Customer Declined
70574,2025-01-26,133.0,,1,0,0,,1,9578.0,2025-01-28,Ordered and Fulfilled
70838,2025-01-26,147.0,,2,0,1,148.0,1,9696.0,2025-01-29,Ordered and Fulfilled
71034,2025-01-26,117.0,,1,1,0,,0,,2025-01-26,Sold
71109,2025-01-26,170.0,,2,1,0,,0,,2025-01-26,Sold
70009,2025-01-27,102.0,,2,0,0,,0,,,Customer Declined
70077,2025-01-27,103.0,,2,0,0,,0,,,Unavailable
70356,2025-01-27,121.0,,2,0,0,,1,9476.0,2025-02-01,Ordered and Fulfilled
70751,2025-01-27,140.0,,2,0,1,136.0,1,9659.0,2025-02-01,Ordered and Fulfilled
70997,2025-01-27,162.0,,1,0,0,,0,,,Customer Declined
71093,2025-01-27,151.0,,1,1,0,,0,,2025-01-27,Sold
71283,2025-01-27,139.0,,1,1,0,,0,,2025-01-27,Sold
70229,2025-01-28,115.0,,1,0,1,114.0,1,9425.0,2025-01-31,Ordered and Fulfilled
70512,2025-01-28,132.0,,1,0,0,,1,9546.0,2025-02-01,Ordered and Fulfilled
70768,2025-01-28,144.0,,1,0,1,150.0,0,,,Alternative Accepted
70863,2025-01-28,153.0,,2,0,1,154.0,1,9702.0,2025-02-06,Ordered and Fulfilled
70010,2025-01-29,102.0,,2,0,1,103.0,0,,,Alternative Accepted
70301,2025-01-29,120.0,,2,0,1,117.0,1,9457.0,2025-02-01,Ordered and Fulfilled
71051,2025-01-29,116.0,,1,1,0,,0,,2025-01-29,Sold
71065,2025-01-29,116.0,,2,1,0,,0,,2025-01-29,Sold
70513,2025-01-30,132.0,,1,0,0,,1,9547.0,2025-02-03,Ordered and Fulfilled
71085,2025-01-30,129.0,,1,1,0,,0,,2025-01-30,Sold
71289,2025-01-31,119.0,,2,1,0,,0,,2025-01-31,Sold
71312,2025-01-31,151.0,,1,1,0,,0,,2025-01-31,Sold
70078,2025-02-01,,Antimalarial,1,0,1,101.0,0,,,Alternative Accepted
70182,2025-02-01,113.0,,1,0,1,116.0,1,9409.0,2025-02-04,Ordered and Fulfilled
70575,2025-02-01,133.0,,1,0,1,128.0,0,,,Alternative Accepted
70864,2025-02-01,153.0,,1,0,0,,0,,,Unavailable
70938,2025-02-01,154.0,,1,0,0,,0,,,Customer Declined
71303,2025-02-01,130.0,,1,1,0,,0,,2025-02-01,Sold
70514,2025-02-02,132.0,,2,0,1,134.0,0,,,Customer Declined
70608,2025-02-02,136.0,,2,0,0,,1,9593.0,2025-02-06,Ordered and Fulfilled
70839,2025-02-02,147.0,,1,0,0,,1,9697.0,2025-02-05,Ordered and Fulfilled
71192,2025-02-02,130.0,,2,1,0,,0,,2025-02-02,Sold
71257,2025-02-02,170.0,,1,1,0,,0,,2025-02-02,Sold
70079,2025-02-03,103.0,,1,0,1,102.0,1,9364.0,,Other
70576,2025-02-03,133.0,,2,0,1,134.0,0,,,Customer Declined
70769,2025-02-03,144.0,,1,0,1,142.0,0,,,Alternative Accepted
70939,2025-02-03,154.0,,1,0,1,155.0,0,,,Alternative Accepted
71221,2025-02-03,158.0,,2,1,0,,0,,2025-02-03,Sold
70011,2025-02-04,102.0,,1,0,1,101.0,1,9335.0,2025-02-09,Ordered and Fulfilled
70080,2025-02-04,103.0,,2,0,1,101.0,1,9365.0,2025-02-08,Ordered and Fulfilled
70357,2025-02-04,121.0,,1,0,1,126.0,1,9477.0,2025-02-15,Ordered and Fulfilled
70609,2025-02-04,136.0,,1,0,0,,0,,,Customer Declined
70865,2025-02-04,,Dermatological,1,0,1,151.0,1,9703.0,,Other
71198,2025-02-04,122.0,,2,1,0,,0,,2025-02-04,Sold
71269,2025-02-04,116.0,,2,1,0,,0,,2025-02-04,Sold
70012,2025-02-05,,Antimalarial,2,0,0,,1,9336.0,2025-02-10,Ordered and Fulfilled
70081,2025-02-05,103.0,,2,0,1,101.0,0,,,Alternative Accepted
70358,2025-02-05,121.0,,1,0,0,,0,,,Unavailable
71111,2025-02-05,116.0,,1,1,0,,0,,2025-02-05,Sold
71128,2025-02-05,131.0,,1,1,0,,0,,2025-02-05,Sold
70082,2025-02-06,103.0,,1,0,1,101.0,0,,,Alternative Accepted
70230,2025-02-06,115.0,,2,0,0,,0,,,Customer Declined
70467,2025-02-06,128.0,,2,0,1,129.0,0,,,Alternative Accepted
70577,2025-02-06,133.0,,2,0,1,134.0,1,9579.0,2025-02-12,Ordered and Fulfilled
70610,2025-02-06,136.0,,1,0,0,,0,,,Customer Declined
70302,2025-02-07,120.0,,1,0,1,112.0,0,,,Customer Declined
70421,2025-02-07,124.0,,2,0,0,,1,9507.0,2025-02-10,Ordered and Fulfilled
70083,2025-02-08,103.0,,1,0,0,,1,9366.0,2025-02-12,Ordered and Fulfilled
70685,2025-02-08,137.0,,1,0,1,139.0,0,,,Customer Declined
70940,2025-02-08,,Dermatological,1,0,1,155.0,0,,,Alternative Accepted
70359,2025-02-09,121.0,,2,0,1,122.0,0,,,Customer Declined
70515,2025-02-09,132.0,,1,0,0,,1,9548.0,2025-02-13,Ordered and Fulfilled
70611,2025-02-09,136.0,,1,0,1,141.0,0,,,Unavailable
70840,2025-02-09,147.0,,1,0,0,,0,,,Unavailable
70866,2025-02-09,153.0,,1,0,1,152.0,0,,,Customer Declined
70941,2025-02-09,,Dermatological,1,0,0,,0,,,Customer Declined
71284,2025-02-09,134.0,,2,1,0,,0,,2025-02-09,Sold
70013,2025-02-10,102.0,,1,0,1,103.0,1,9337.0,2025-02-20,Ordered and Fulfilled
70084,2025-02-10,,Antimalarial,1,0,1,102.0,0,,,Alternative Accepted
70231,2025-02-10,,Antibiotic,1,0,0,,0,,,Unavailable
70686,2025-02-10,137.0,,1,0,1,135.0,0,,,Alternative Accepted
70867,2025-02-10,153.0,,1,0,1,151.0,0,,,Alternative Accepted
71220,2025-02-10,168.0,,2,1,0,,0,,2025-02-10,Sold
71259,2025-02-10,131.0,,2,1,0,,0,,2025-02-10,Sold
71287,2025-02-10,112.0,,2,1,0,,0,,2025-02-10,Sold
70232,2025-02-11,115.0,,1,0,1,113.0,0,,,Alternative Accepted
70360,2025-02-11,121.0,,2,0,1,122.0,0,,,Unavailable
70422,2025-02-11,124.0,,1,0,0,,0,,,Customer Declined
70612,2025-02-11,136.0,,2,0,1,135.0,0,,,Alternative Accepted
70770,2025-02-11,144.0,,2,0,0,,1,9669.0,2025-02-16,Ordered and Fulfilled
70998,2025-02-11,162.0,,2,0,1,161.0,1,9759.0,2025-02-14,Ordered and Fulfilled
70233,2025-02-12,115.0,,1,0,1,112.0,1,9426.0,2025-02-15,Ordered and Fulfilled
70516,2025-02-12,,Cough & Cold,1,0,1,128.0,0,,,Alternative Accepted
70613,2025-02-12,136.0,,2,0,0,,0,,,Customer Declined
70687,2025-02-12,137.0,,2,0,1,139.0,0,,,Alternative Accepted
70942,2025-02-12,154.0,,1,0,1,152.0,1,9734.0,2025-02-14,Ordered and Fulfilled
70771,2025-02-13,,Vitamins & Supplements,2,0,0,,0,,,Customer Declined
71127,2025-02-13,166.0,,1,1,0,,0,,2025-02-13,Sold
70234,2025-02-14,115.0,,1,0,1,114.0,0,,,Alternative Accepted
70303,2025-02-14,120.0,,2,0,1,114.0,1,9458.0,,Other
70423,2025-02-14,124.0,,1,0,1,123.0,0,,,Unavailable
70943,2025-02-14,154.0,,1,0,1,157.0,0,,,Customer Declined
71025,2025-02-14,139.0,,1,1,0,,0,,2025-02-14,Sold
71182,2025-02-14,126.0,,1,1,0,,0,,2025-02-14,Sold
70085,2025-02-15,103.0,,2,0,0,,0,,,Customer Declined
70304,2025-02-15,120.0,,1,0,0,,0,,,Unavailable
70361,2025-02-15,,Antihistamine,2,0,1,122.0,1,9478.0,2025-02-20,Ordered and Fulfilled
70517,2025-02-15,132.0,,2,0,0,,1,9549.0,2025-02-19,Ordered and Fulfilled
70868,2025-02-15,153.0,,2,0,1,156.0,0,,,Customer Declined
71261,2025-02-15,164.0,,2,1,0,,0,,2025-02-15,Sold
71279,2025-02-15,134.0,,2,1,0,,0,,2025-02-15,Sold
70086,2025-02-16,103.0,,2,0,1,102.0,1,9367.0,2025-02-20,Ordered and Fulfilled
70772,2025-02-16,144.0,,1,0,1,149.0,1,9670.0,2025-02-21,Ordered and Fulfilled
71124,2025-02-16,160.0,,1,1,0,,0,,2025-02-16,Sold
71137,2025-02-16,112.0,,2,1,0,,0,,2025-02-16,Sold
71299,2025-02-16,160.0,,2,1,0,,0,,2025-02-16,Sold
70305,2025-02-17,120.0,,2,0,1,119.0,0,,,Alternative Accepted
70424,2025-02-17,124.0,,2,0,1,125.0,1,9508.0,2025-02-20,Ordered and Fulfilled
70688,2025-02-17,137.0,,2,0,0,,1,9630.0,2025-02-21,Ordered and Fulfilled
70773,2025-02-17,144.0,,1,0,1,143.0,1,9671.0,2025-02-22,Ordered and Fulfilled
71231,2025-02-17,155.0,,1,1,0,,0,,2025-02-17,Sold
70614,2025-02-18,136.0,,2,0,0,,0,,,Unavailable
70774,2025-02-18,144.0,,2,0,0,,0,,,Customer Declined
70087,2025-02-19,103.0,,2,0,1,102.0,1,9368.0,2025-02-26,Ordered and Fulfilled
70425,2025-02-19,,Antihistamine,2,0,1,126.0,1,9509.0,2025-02-22,Ordered and Fulfilled
70615,2025-02-19,,Gastro/Antacid,2,0,0,,1,9594.0,2025-02-25,Ordered and Fulfilled
70689,2025-02-19,,Gastro/Antacid,2,0,1,141.0,0,,,Alternative Accepted
70944,2025-02-19,,Dermatological,2,0,1,151.0,1,9735.0,2025-02-26,Ordered and Fulfilled
71104,2025-02-19,143.0,,2,1,0,,0,,2025-02-19,Sold
71239,2025-02-19,123.0,,2,1,0,,0,,2025-02-19,Sold
71295,2025-02-19,114.0,,2,1,0,,0,,2025-02-19,Sold
70014,2025-02-20,102.0,,2,0,0,,1,9338.0,2025-02-25,Ordered and Fulfilled
70362,2025-02-20,121.0,,1,0,1,126.0,1,9479.0,2025-02-25,Ordered and Fulfilled
70616,2025-02-20,136.0,,1,0,1,135.0,0,,,Alternative Accepted
70945,2025-02-20,154.0,,2,0,0,,0,,,Unavailable
70088,2025-02-21,,Antimalarial,1,0,1,101.0,1,9369.0,2025-02-25,Ordered and Fulfilled
70690,2025-02-21,137.0,,1,0,0,,1,9631.0,2025-02-25,Ordered and Fulfilled
71064,2025-02-21,135.0,,2,1,0,,0,,2025-02-21,Sold
70363,2025-02-22,121.0,,1,0,1,122.0,0,,,Alternative Accepted
70617,2025-02-22,136.0,,1,0,1,138.0,0,,,Unavailable
70946,2025-02-22,154.0,,2,0,1,152.0,1,9736.0,2025-02-24,Ordered and Fulfilled
71073,2025-02-22,152.0,,2,1,0,,0,,2025-02-22,Sold
70235,2025-02-23,115.0,,1,0,1,119.0,0,,,Unavailable
70468,2025-02-23,128.0,,2,0,0,,0,,,Customer Declined
70518,2025-02-23,132.0,,2,0,1,131.0,0,,,Alternative Accepted
70618,2025-02-23,136.0,,2,0,1,140.0,1,9595.0,2025-02-27,Ordered and Fulfilled
70869,2025-02-23,153.0,,2,0,0,,1,9704.0,2025-02-26,Ordered and Fulfilled
70089,2025-02-24,103.0,,1,0,1,101.0,0,,,Alternative Accepted
70364,2025-02-24,121.0,,2,0,1,125.0,1,9480.0,2025-03-01,Ordered and Fulfilled
70426,2025-02-24,124.0,,2,0,1,121.0,0,,,Unavailable
70775,2025-02-24,144.0,,1,0,0,,0,,,Unavailable
70947,2025-02-24,154.0,,2,0,1,152.0,0,,,Alternative Accepted
71185,2025-02-24,117.0,,1,1,0,,0,,2025-02-24,Sold
70015,2025-02-25,102.0,,2,0,0,,1,9339.0,2025-03-02,Ordered and Fulfilled
70183,2025-02-25,113.0,,2,0,0,,1,9410.0,2025-02-28,Ordered and Fulfilled
70365,2025-02-25,121.0,,1,0,1,122.0,1,9481.0,2025-03-02,Ordered and Fulfilled
70184,2025-02-26,,Antibiotic,1,0,1,120.0,0,,,Unavailable
70366,2025-02-26,121.0,,1,0,0,,0,,,Unavailable
70427,2025-02-26,124.0,,1,0,1,123.0,0,,,Unavailable
70619,2025-02-27,136.0,,2,0,1,138.0,0,,,Unavailable
71023,2025-02-27,155.0,,1,1,0,,0,,2025-02-27,Sold
70306,2025-03-01,120.0,,1,0,0,,0,,,Unavailable
70367,2025-03-01,121.0,,1,0,0,,1,9482.0,2025-03-06,Ordered and Fulfilled
71090,2025-03-01,129.0,,2,1,0,,0,,2025-03-01,Sold
70090,2025-03-02,103.0,,2,0,0,,0,,,Customer Declined
70691,2025-03-02,137.0,,1,0,0,,1,9632.0,2025-03-06,Ordered and Fulfilled
70948,2025-03-02,154.0,,1,0,1,152.0,0,,,Alternative Accepted
70091,2025-03-03,103.0,,1,0,1,102.0,1,9370.0,2025-03-07,Ordered and Fulfilled
70185,2025-03-03,113.0,,1,0,1,116.0,1,9411.0,2025-03-06,Ordered and Fulfilled
70236,2025-03-03,115.0,,1,0,1,114.0,1,9427.0,2025-03-10,Ordered and Fulfilled
70776,2025-03-03,144.0,,1,0,1,147.0,0,,,Alternative Accepted
70870,2025-03-03,153.0,,1,0,1,154.0,0,,,Alternative Accepted
70949,2025-03-03,,Dermatological,2,0,1,151.0,1,9737.0,2025-03-05,Ordered and Fulfilled
70999,2025-03-03,162.0,,2,0,1,160.0,1,9760.0,2025-03-06,Ordered and Fulfilled
70092,2025-03-04,103.0,,2,0,0,,1,9371.0,2025-03-08,Ordered and Fulfilled
70428,2025-03-04,,Antihistamine,1,0,0,,1,9510.0,2025-03-07,Ordered and Fulfilled
70620,2025-03-04,,Gastro/Antacid,1,0,1,140.0,0,,,Alternative Accepted
70777,2025-03-04,144.0,,1,0,0,,0,,,Customer Declined
70871,2025-03-04,153.0,,2,0,1,156.0,0,,,Unavailable
70093,2025-03-05,,Antimalarial,2,0,1,102.0,0,,,Alternative Accepted
70519,2025-03-05,132.0,,1,0,1,128.0,0,,,Unavailable
70778,2025-03-05,144.0,,1,0,1,142.0,0,,,Alternative Accepted
71000,2025-03-05,162.0,,1,0,0,,1,9761.0,2025-03-08,Ordered and Fulfilled
71134,2025-03-05,165.0,,1,1,0,,0,,2025-03-05,Sold
71292,2025-03-05,109.0,,1,1,0,,0,,2025-03-05,Sold
70016,2025-03-06,102.0,,2,0,0,,0,,,Unavailable
70368,2025-03-06,121.0,,1,0,1,124.0,0,,,Unavailable
70578,2025-03-06,133.0,,1,0,0,,0,,,Unavailable
70621,2025-03-06,,Gastro/Antacid,1,0,1,139.0,1,9596.0,2025-03-10,Ordered and Fulfilled
70692,2025-03-06,137.0,,1,0,1,138.0,1,9633.0,2025-03-10,Ordered and Fulfilled
71001,2025-03-06,162.0,,2,0,0,,1,9762.0,2025-03-09,Ordered and Fulfilled
71280,2025-03-06,167.0,,1,1,0,,0,,2025-03-06,Sold
70307,2025-03-07,120.0,,2,0,1,117.0,0,,,Alternative Accepted
70429,2025-03-07,124.0,,1,0,1,121.0,1,9511.0,2025-03-10,Ordered and Fulfilled
70520,2025-03-07,132.0,,2,0,1,131.0,0,,,Customer Declined
71102,2025-03-07,149.0,,1,1,0,,0,,2025-03-07,Sold
71245,2025-03-07,155.0,,2,1,0,,0,,2025-03-07,Sold
70237,2025-03-08,115.0,,1,0,0,,0,,,Unavailable
70369,2025-03-08,121.0,,2,0,0,,1,9483.0,2025-03-13,Ordered and Fulfilled
70693,2025-03-08,137.0,,2,0,0,,0,,,Customer Declined
70872,2025-03-08,153.0,,2,0,1,152.0,0,,,Alternative Accepted
70950,2025-03-08,154.0,,2,0,1,153.0,0,,,Alternative Accepted
70094,2025-03-09,103.0,,1,0,1,102.0,0,,,Unavailable
70521,2025-03-09,132.0,,1,0,1,133.0,0,,,Alternative Accepted
70951,2025-03-09,,Dermatological,1,0,0,,0,,,Unavailable
71184,2025-03-09,142.0,,1,1,0,,0,,2025-03-09,Sold
71230,2025-03-09,170.0,,1,1,0,,0,,2025-03-09,Sold
70238,2025-03-10,115.0,,1,0,1,116.0,0,,,Customer Declined
70952,2025-03-10,154.0,,2,0,1,153.0,0,,,Alternative Accepted
71256,2025-03-10,164.0,,2,1,0,,0,,2025-03-10,Sold
70095,2025-03-11,103.0,,1,0,0,,1,9372.0,2025-03-15,Ordered and Fulfilled
70308,2025-03-11,120.0,,2,0,1,119.0,1,9459.0,2025-03-14,Ordered and Fulfilled
70430,2025-03-11,124.0,,2,0,1,125.0,0,,,Alternative Accepted
70522,2025-03-11,132.0,,1,0,1,128.0,1,9550.0,,Other
70622,2025-03-11,136.0,,2,0,0,,0,,,Unavailable
70694,2025-03-11,137.0,,1,0,1,141.0,0,,,Unavailable
70779,2025-03-11,144.0,,2,0,1,149.0,1,9672.0,2025-03-16,Ordered and Fulfilled
70096,2025-03-12,103.0,,1,0,1,102.0,0,,,Customer Declined
70579,2025-03-12,133.0,,2,0,1,127.0,1,9580.0,,Other
70953,2025-03-12,154.0,,1,0,1,156.0,1,9738.0,2025-03-14,Ordered and Fulfilled
71160,2025-03-12,131.0,,2,1,0,,0,,2025-03-12,Sold
71266,2025-03-12,104.0,,1,1,0,,0,,2025-03-12,Sold
70097,2025-03-13,103.0,,1,0,1,101.0,1,9373.0,2025-03-17,Ordered and Fulfilled
70186,2025-03-13,113.0,,1,0,1,116.0,1,9412.0,2025-03-16,Ordered and Fulfilled
70239,2025-03-13,115.0,,1,0,1,113.0,1,9428.0,2025-03-16,Ordered and Fulfilled
70523,2025-03-13,132.0,,1,0,1,129.0,1,9551.0,,Other
70695,2025-03-13,137.0,,2,0,0,,0,,,Unavailable
70873,2025-03-13,,Dermatological,2,0,1,154.0,0,,,Alternative Accepted
70370,2025-03-14,121.0,,1,0,0,,1,9484.0,2025-03-19,Ordered and Fulfilled
70469,2025-03-14,128.0,,1,0,1,133.0,0,,,Customer Declined
70696,2025-03-14,137.0,,1,0,1,136.0,0,,,Customer Declined
70187,2025-03-15,113.0,,2,0,0,,0,,,Unavailable
70874,2025-03-15,153.0,,1,0,0,,0,,,Customer Declined
70240,2025-03-16,115.0,,2,0,1,117.0,0,,,Unavailable
70524,2025-03-16,132.0,,2,0,1,128.0,0,,,Customer Declined
70697,2025-03-16,,Gastro/Antacid,2,0,0,,1,9634.0,2025-03-20,Ordered and Fulfilled
70780,2025-03-16,,Vitamins & Supplements,2,0,1,143.0,0,,,Alternative Accepted
70841,2025-03-16,147.0,,2,0,0,,0,,,Customer Declined
70875,2025-03-16,153.0,,2,0,1,151.0,1,9705.0,2025-03-19,Ordered and Fulfilled
70371,2025-03-17,121.0,,1,0,1,125.0,1,9485.0,2025-03-22,Ordered and Fulfilled
71113,2025-03-17,152.0,,1,1,0,,0,,2025-03-17,Sold
71191,2025-03-17,167.0,,1,1,0,,0,,2025-03-17,Sold
70372,2025-03-18,,Antihistamine,1,0,0,,1,9486.0,,Other
70431,2025-03-18,124.0,,2,0,0,,1,9512.0,2025-03-21,Ordered and Fulfilled
70470,2025-03-18,,Cough & Cold,1,0,1,131.0,0,,,Alternative Accepted
70017,2025-03-19,,Antimalarial,2,0,0,,1,9340.0,2025-03-24,Ordered and Fulfilled
70098,2025-03-19,103.0,,2,0,1,101.0,1,9374.0,2025-03-23,Ordered and Fulfilled
70188,2025-03-19,113.0,,2,0,0,,0,,,Customer Declined
70309,2025-03-19,120.0,,1,0,1,112.0,0,,,Unavailable
70623,2025-03-19,136.0,,2,0,1,141.0,1,9597.0,2025-03-23,Ordered and Fulfilled
70876,2025-03-19,153.0,,2,0,1,155.0,1,9706.0,2025-03-22,Ordered and Fulfilled
70018,2025-03-20,102.0,,2,0,1,101.0,0,,,Unavailable
70373,2025-03-20,121.0,,2,0,1,124.0,1,9487.0,2025-03-25,Ordered and Fulfilled
70432,2025-03-20,124.0,,1,0,0,,0,,,Customer Declined
70471,2025-03-20,128.0,,1,0,1,134.0,0,,,Alternative Accepted
70781,2025-03-20,144.0,,1,0,0,,1,9673.0,,Other
70954,2025-03-20,154.0,,1,0,1,152.0,0,,,Alternative Accepted
71002,2025-03-20,162.0,,1,0,1,163.0,0,,,Unavailable
71138,2025-03-20,157.0,,2,1,0,,0,,2025-03-20,Sold
70310,2025-03-21,120.0,,2,0,1,118.0,1,9460.0,2025-03-24,Ordered and Fulfilled
70472,2025-03-21,128.0,,2,0,0,,0,,,Customer Declined
71171,2025-03-21,104.0,,1,1,0,,0,,2025-03-21,Sold
70099,2025-03-22,103.0,,1,0,1,101.0,0,,,Alternative Accepted
70241,2025-03-22,115.0,,1,0,0,,1,9429.0,2025-03-25,Ordered and Fulfilled
70624,2025-03-22,136.0,,2,0,0,,1,9598.0,2025-03-26,Ordered and Fulfilled
70955,2025-03-22,154.0,,2,0,0,,0,,,Unavailable
71110,2025-03-22,112.0,,1,1,0,,0,,2025-03-22,Sold
71297,2025-03-22,112.0,,1,1,0,,0,,2025-03-22,Sold
70019,2025-03-23,102.0,,2,0,0,,0,,,Customer Declined
70100,2025-03-23,103.0,,2,0,1,102.0,0,,,Alternative Accepted
70374,2025-03-23,121.0,,2,0,0,,1,9488.0,2025-03-28,Ordered and Fulfilled
70782,2025-03-23,,Vitamins & Supplements,1,0,0,,0,,,Customer Declined
71015,2025-03-23,151.0,,2,1,0,,0,,2025-03-23,Sold
71056,2025-03-23,105.0,,2,1,0,,0,,2025-03-23,Sold
71075,2025-03-23,104.0,,2,1,0,,0,,2025-03-23,Sold
70101,2025-03-25,103.0,,2,0,1,102.0,1,9375.0,2025-03-29,Ordered and Fulfilled
71166,2025-03-25,109.0,,1,1,0,,0,,2025-03-25,Sold
70473,2025-03-26,,Cough & Cold,2,0,0,,0,,,Customer Declined
70625,2025-03-26,136.0,,1,0,1,140.0,1,9599.0,2025-03-30,Ordered and Fulfilled
70752,2025-03-26,140.0,,1,0,1,137.0,0,,,Unavailable
70783,2025-03-26,144.0,,2,0,1,147.0,1,9674.0,2025-03-31,Ordered and Fulfilled
71234,2025-03-26,163.0,,2,1,0,,0,,2025-03-26,Sold
70242,2025-03-27,115.0,,1,0,1,119.0,1,9430.0,2025-03-30,Ordered and Fulfilled
70433,2025-03-27,124.0,,2,0,1,125.0,0,,,Alternative Accepted
70525,2025-03-27,,Cough & Cold,2,0,0,,0,,,Unavailable
71044,2025-03-27,159.0,,2,1,0,,0,,2025-03-27,Sold
71088,2025-03-27,156.0,,1,1,0,,0,,2025-03-27,Sold
70311,2025-03-28,120.0,,1,0,1,118.0,0,,,Alternative Accepted
70474,2025-03-28,,Cough & Cold,1,0,0,,0,,,Unavailable
70626,2025-03-28,136.0,,1,0,0,,1,9600.0,2025-04-01,Ordered and Fulfilled
70698,2025-03-28,137.0,,2,0,1,138.0,1,9635.0,2025-04-01,Ordered and Fulfilled
71146,2025-03-28,169.0,,1,1,0,,0,,2025-03-28,Sold
71281,2025-03-28,155.0,,1,1,0,,0,,2025-03-28,Sold
70020,2025-03-29,102.0,,2,0,1,103.0,1,9341.0,2025-04-03,Ordered and Fulfilled
70102,2025-03-29,103.0,,2,0,1,102.0,1,9376.0,2025-04-02,Ordered and Fulfilled
70243,2025-03-29,115.0,,2,0,1,116.0,0,,,Alternative Accepted
70699,2025-03-29,137.0,,1,0,0,,1,9636.0,,Other
70753,2025-03-29,140.0,,1,0,0,,0,,,Unavailable
70956,2025-03-29,154.0,,1,0,1,153.0,0,,,Unavailable
71046,2025-03-29,143.0,,2,1,0,,0,,2025-03-29,Sold
70103,2025-03-30,103.0,,2,0,1,101.0,0,,,Customer Declined
70375,2025-03-30,121.0,,1,0,1,126.0,0,,,Unavailable
70434,2025-03-30,124.0,,1,0,1,125.0,0,,,Customer Declined
70526,2025-03-30,132.0,,1,0,0,,0,,,Unavailable
70784,2025-03-30,144.0,,2,0,1,150.0,0,,,Customer Declined
71145,2025-03-30,104.0,,1,1,0,,0,,2025-03-30,Sold
71290,2025-03-30,157.0,,2,1,0,,0,,2025-03-30,Sold
70244,2025-03-31,,Antibiotic,1,0,1,114.0,1,9431.0,2025-04-03,Ordered and Fulfilled
70700,2025-03-31,137.0,,2,0,0,,1,9637.0,2025-04-04,Ordered and Fulfilled
71158,2025-03-31,145.0,,2,1,0,,0,,2025-03-31,Sold
71189,2025-03-31,150.0,,2,1,0,,0,,2025-03-31,Sold
71307,2025-03-31,159.0,,2,1,0,,0,,2025-03-31,Sold
70245,2025-04-01,115.0,,1,0,1,116.0,0,,,Alternative Accepted
70312,2025-04-01,120.0,,1,0,0,,1,9461.0,2025-04-04,Ordered and Fulfilled
70475,2025-04-01,128.0,,1,0,1,132.0,1,9527.0,2025-04-06,Ordered and Fulfilled
70701,2025-04-01,137.0,,2,0,0,,0,,,Unavailable
70842,2025-04-01,,Vitamins & Supplements,1,0,1,149.0,0,,,Alternative Accepted
70877,2025-04-01,153.0,,2,0,1,156.0,0,,,Alternative Accepted
71218,2025-04-01,119.0,,2,1,0,,0,,2025-04-01,Sold
70189,2025-04-02,113.0,,1,0,0,,1,9413.0,2025-04-05,Ordered and Fulfilled
70246,2025-04-02,115.0,,2,0,0,,1,9432.0,2025-04-05,Ordered and Fulfilled
71020,2025-04-02,123.0,,1,1,0,,0,,2025-04-02,Sold
70702,2025-04-03,137.0,,2,0,0,,0,,,Unavailable
70785,2025-04-03,144.0,,2,0,1,145.0,1,9675.0,2025-04-08,Ordered and Fulfilled
71288,2025-04-03,118.0,,1,1,0,,0,,2025-04-03,Sold
70190,2025-04-04,113.0,,2,0,0,,0,,,Customer Declined
70247,2025-04-04,115.0,,1,0,1,118.0,1,9433.0,2025-04-07,Ordered and Fulfilled
70376,2025-04-04,,Antihistamine,2,0,0,,0,,,Customer Declined
70703,2025-04-04,137.0,,2,0,1,136.0,1,9638.0,2025-04-11,Ordered and Fulfilled
70957,2025-04-04,154.0,,1,0,0,,0,,,Customer Declined
70377,2025-04-05,,Antihistamine,2,0,0,,1,9489.0,2025-04-10,Ordered and Fulfilled
70435,2025-04-05,124.0,,2,0,1,126.0,0,,,Alternative Accepted
70704,2025-04-05,137.0,,2,0,1,141.0,1,9639.0,2025-04-09,Ordered and Fulfilled
70958,2025-04-05,154.0,,2,0,1,152.0,0,,,Alternative Accepted
71067,2025-04-05,168.0,,1,1,0,,0,,2025-04-05,Sold
70248,2025-04-06,115.0,,2,0,1,116.0,0,,,Unavailable
70436,2025-04-06,124.0,,2,0,1,121.0,0,,,Customer Declined
70878,2025-04-06,153.0,,2,0,1,155.0,0,,,Customer Declined
71308,2025-04-06,156.0,,2,1,0,,0,,2025-04-06,Sold
70378,2025-04-07,121.0,,1,0,0,,1,9490.0,2025-04-16,Ordered and Fulfilled
70476,2025-04-07,,Cough & Cold,1,0,0,,0,,,Unavailable
70879,2025-04-07,153.0,,2,0,1,152.0,1,9707.0,2025-04-10,Ordered and Fulfilled
71062,2025-04-07,117.0,,1,1,0,,0,,2025-04-07,Sold
71174,2025-04-07,150.0,,2,1,0,,0,,2025-04-07,Sold
71205,2025-04-07,114.0,,1,1,0,,0,,2025-04-07,Sold
71213,2025-04-07,164.0,,1,1,0,,0,,2025-04-07,Sold
71296,2025-04-07,145.0,,1,1,0,,0,,2025-04-07,Sold
70104,2025-04-08,103.0,,2,0,1,101.0,0,,,Unavailable
70379,2025-04-08,121.0,,2,0,0,,0,,,Customer Declined
70627,2025-04-08,136.0,,2,0,1,141.0,1,9601.0,2025-04-12,Ordered and Fulfilled
70313,2025-04-09,120.0,,1,0,1,118.0,0,,,Unavailable
70628,2025-04-09,136.0,,1,0,0,,1,9602.0,2025-04-13,Ordered and Fulfilled
70477,2025-04-10,,Cough & Cold,1,0,0,,0,,,Unavailable
70629,2025-04-10,136.0,,2,0,1,141.0,0,,,Customer Declined
70786,2025-04-10,,Vitamins & Supplements,2,0,0,,1,9676.0,2025-04-15,Ordered and Fulfilled
70843,2025-04-10,147.0,,1,0,0,,0,,,Customer Declined
70630,2025-04-11,136.0,,2,0,0,,1,9603.0,2025-04-15,Ordered and Fulfilled
70705,2025-04-11,137.0,,1,0,1,140.0,0,,,Customer Declined
71251,2025-04-11,161.0,,1,1,0,,0,,2025-04-11,Sold
70380,2025-04-12,121.0,,1,0,0,,0,,,Unavailable
70631,2025-04-12,,Gastro/Antacid,2,0,1,139.0,1,9604.0,2025-04-16,Ordered and Fulfilled
70880,2025-04-12,153.0,,2,0,0,,1,9708.0,,Other
70959,2025-04-12,154.0,,2,0,1,156.0,1,9739.0,2025-04-14,Ordered and Fulfilled
71216,2025-04-12,139.0,,2,1,0,,0,,2025-04-12,Sold
70021,2025-04-13,102.0,,2,0,1,101.0,0,,,Alternative Accepted
70105,2025-04-13,,Antimalarial,1,0,1,101.0,0,,,Customer Declined
70437,2025-04-13,124.0,,1,0,0,,1,9513.0,2025-04-16,Ordered and Fulfilled
70527,2025-04-13,,Cough & Cold,2,0,1,130.0,0,,,Alternative Accepted
71003,2025-04-13,162.0,,2,0,0,,0,,,Customer Declined
70478,2025-04-14,128.0,,1,0,1,131.0,0,,,Unavailable
71092,2025-04-14,127.0,,2,1,0,,0,,2025-04-14,Sold
71175,2025-04-14,168.0,,2,1,0,,0,,2025-04-14,Sold
70106,2025-04-15,103.0,,2,0,1,101.0,1,9377.0,2025-04-19,Ordered and Fulfilled
70632,2025-04-15,136.0,,1,0,1,137.0,0,,,Alternative Accepted
70960,2025-04-15,154.0,,2,0,0,,0,,,Customer Declined
71193,2025-04-15,166.0,,2,1,0,,0,,2025-04-15,Sold
70022,2025-04-16,102.0,,1,0,1,103.0,1,9342.0,2025-04-21,Ordered and Fulfilled
70107,2025-04-16,103.0,,2,0,1,102.0,1,9378.0,2025-04-20,Ordered and Fulfilled
70249,2025-04-16,115.0,,2,0,1,114.0,0,,,Customer Declined
70381,2025-04-16,121.0,,1,0,0,,0,,,Customer Declined
70438,2025-04-16,124.0,,2,0,1,125.0,1,9514.0,2025-04-19,Ordered and Fulfilled
71060,2025-04-16,105.0,,1,1,0,,0,,2025-04-16,Sold
70023,2025-04-17,102.0,,1,0,0,,1,9343.0,2025-04-22,Ordered and Fulfilled
70108,2025-04-17,103.0,,2,0,0,,1,9379.0,2025-04-27,Ordered and Fulfilled
70250,2025-04-17,115.0,,2,0,0,,0,,,Unavailable
70580,2025-04-17,,Cough & Cold,1,0,0,,1,9581.0,2025-04-19,Ordered and Fulfilled
70844,2025-04-17,,Vitamins & Supplements,2,0,1,143.0,0,,,Customer Declined
70881,2025-04-17,153.0,,1,0,1,155.0,0,,,Alternative Accepted
70109,2025-04-18,103.0,,1,0,0,,0,,,Customer Declined
70191,2025-04-18,113.0,,2,0,1,112.0,0,,,Alternative Accepted
70251,2025-04-18,115.0,,1,0,0,,0,,,Unavailable
70882,2025-04-18,153.0,,1,0,1,156.0,1,9709.0,2025-04-21,Ordered and Fulfilled
70961,2025-04-18,,Dermatological,1,0,1,155.0,1,9740.0,2025-04-20,Ordered and Fulfilled
71079,2025-04-18,142.0,,1,1,0,,0,,2025-04-18,Sold
70024,2025-04-19,102.0,,1,0,0,,1,9344.0,2025-04-24,Ordered and Fulfilled
70314,2025-04-19,,Antibiotic,1,0,1,117.0,1,9462.0,,Other
70706,2025-04-19,137.0,,2,0,1,140.0,1,9640.0,2025-04-23,Ordered and Fulfilled
70883,2025-04-19,153.0,,2,0,1,155.0,0,,,Unavailable
71264,2025-04-19,119.0,,1,1,0,,0,,2025-04-19,Sold
70633,2025-04-20,136.0,,2,0,1,135.0,1,9605.0,2025-04-24,Ordered and Fulfilled
70962,2025-04-20,154.0,,2,0,0,,0,,,Customer Declined
70192,2025-04-21,113.0,,1,0,0,,0,,,Unavailable
70382,2025-04-21,121.0,,1,0,0,,1,9491.0,2025-04-26,Ordered and Fulfilled
70634,2025-04-21,,Gastro/Antacid,2,0,1,135.0,1,9606.0,2025-04-25,Ordered and Fulfilled
71033,2025-04-21,108.0,,1,1,0,,0,,2025-04-21,Sold
71179,2025-04-21,150.0,,1,1,0,,0,,2025-04-21,Sold
70110,2025-04-22,103.0,,1,0,1,102.0,0,,,Unavailable
70439,2025-04-22,124.0,,1,0,1,125.0,1,9515.0,2025-04-25,Ordered and Fulfilled
70635,2025-04-22,136.0,,1,0,1,141.0,0,,,Alternative Accepted
70787,2025-04-22,144.0,,2,0,0,,0,,,Unavailable
70963,2025-04-22,154.0,,1,0,0,,0,,,Customer Declined
70111,2025-04-23,103.0,,1,0,1,101.0,1,9380.0,2025-04-27,Ordered and Fulfilled
70636,2025-04-23,136.0,,2,0,1,139.0,1,9607.0,2025-04-27,Ordered and Fulfilled
70788,2025-04-23,144.0,,2,0,1,147.0,0,,,Alternative Accepted
70252,2025-04-24,115.0,,2,0,1,120.0,0,,,Alternative Accepted
70707,2025-04-24,137.0,,2,0,1,140.0,0,,,Customer Declined
70479,2025-04-25,128.0,,1,0,1,130.0,1,9528.0,2025-04-30,Ordered and Fulfilled
70964,2025-04-25,154.0,,1,0,1,157.0,0,,,Alternative Accepted
71237,2025-04-25,142.0,,2,1,0,,0,,2025-04-25,Sold
70025,2025-04-26,102.0,,1,0,1,103.0,0,,,Customer Declined
70383,2025-04-26,,Antihistamine,1,0,0,,0,,,Customer Declined
70528,2025-04-26,132.0,,1,0,1,128.0,1,9552.0,2025-04-30,Ordered and Fulfilled
70637,2025-04-26,136.0,,1,0,1,138.0,1,9608.0,2025-04-30,Ordered and Fulfilled
70884,2025-04-26,153.0,,2,0,1,155.0,1,9710.0,2025-04-29,Ordered and Fulfilled
71217,2025-04-26,112.0,,2,1,0,,0,,2025-04-26,Sold
71272,2025-04-26,104.0,,1,1,0,,0,,2025-04-26,Sold
70480,2025-04-27,128.0,,2,0,1,127.0,1,9529.0,2025-05-02,Ordered and Fulfilled
70708,2025-04-27,137.0,,2,0,0,,0,,,Customer Declined
70789,2025-04-27,144.0,,2,0,1,143.0,1,9677.0,2025-05-02,Ordered and Fulfilled
70885,2025-04-27,153.0,,1,0,1,154.0,1,9711.0,,Other
70112,2025-04-28,103.0,,1,0,0,,0,,,Unavailable
70253,2025-04-28,115.0,,2,0,0,,0,,,Customer Declined
70315,2025-04-28,120.0,,1,0,1,112.0,1,9463.0,2025-05-01,Ordered and Fulfilled
71142,2025-04-28,118.0,,1,1,0,,0,,2025-04-28,Sold
71180,2025-04-28,152.0,,1,1,0,,0,,2025-04-28,Sold
70113,2025-04-29,103.0,,1,0,1,102.0,1,9381.0,2025-05-07,Ordered and Fulfilled
70316,2025-04-29,120.0,,2,0,1,115.0,0,,,Unavailable
71089,2025-04-29,110.0,,1,1,0,,0,,2025-04-29,Sold
71211,2025-04-29,127.0,,2,1,0,,0,,2025-04-29,Sold
70254,2025-04-30,,Antibiotic,2,0,1,119.0,1,9434.0,2025-05-03,Ordered and Fulfilled
70440,2025-04-30,124.0,,1,0,0,,0,,,Unavailable
70709,2025-04-30,137.0,,2,0,1,139.0,0,,,Alternative Accepted
70790,2025-04-30,144.0,,1,0,1,147.0,0,,,Alternative Accepted
71049,2025-04-30,141.0,,2,1,0,,0,,2025-04-30,Sold
71155,2025-04-30,116.0,,2,1,0,,0,,2025-04-30,Sold
70026,2025-05-01,102.0,,1,0,1,101.0,0,,,Alternative Accepted
70255,2025-05-01,115.0,,2,0,1,114.0,1,9435.0,2025-05-04,Ordered and Fulfilled
70317,2025-05-01,120.0,,2,0,0,,1,9464.0,2025-05-04,Ordered and Fulfilled
70791,2025-05-01,144.0,,1,0,1,148.0,0,,,Unavailable
70441,2025-05-02,,Antihistamine,2,0,1,121.0,0,,,Alternative Accepted
70710,2025-05-02,137.0,,2,0,0,,0,,,Customer Declined
71099,2025-05-02,105.0,,1,1,0,,0,,2025-05-02,Sold
71253,2025-05-02,168.0,,1,1,0,,0,,2025-05-02,Sold
70114,2025-05-03,103.0,,1,0,1,101.0,1,9382.0,2025-05-07,Ordered and Fulfilled
70256,2025-05-03,115.0,,1,0,1,112.0,0,,,Customer Declined
70581,2025-05-03,133.0,,1,0,1,127.0,0,,,Unavailable
70792,2025-05-03,144.0,,2,0,0,,0,,,Unavailable
70886,2025-05-03,153.0,,2,0,1,157.0,0,,,Alternative Accepted
70965,2025-05-03,154.0,,2,0,1,151.0,1,9741.0,2025-05-05,Ordered and Fulfilled
71027,2025-05-03,161.0,,2,1,0,,0,,2025-05-03,Sold
70318,2025-05-04,120.0,,1,0,0,,0,,,Unavailable
71119,2025-05-04,151.0,,1,1,0,,0,,2025-05-04,Sold
70193,2025-05-05,113.0,,2,0,1,119.0,1,9414.0,2025-05-08,Ordered and Fulfilled
70257,2025-05-05,,Antibiotic,2,0,1,119.0,0,,,Alternative Accepted
70711,2025-05-05,137.0,,1,0,0,,0,,,Customer Declined
70258,2025-05-06,115.0,,1,0,0,,0,,,Customer Declined
70115,2025-05-07,103.0,,2,0,1,102.0,1,9383.0,2025-05-11,Ordered and Fulfilled
70384,2025-05-07,121.0,,2,0,0,,1,9492.0,,Other
70529,2025-05-07,132.0,,1,0,0,,0,,,Unavailable
70116,2025-05-08,103.0,,2,0,1,101.0,0,,,Alternative Accepted
70638,2025-05-08,136.0,,1,0,0,,1,9609.0,2025-05-12,Ordered and Fulfilled
70793,2025-05-08,144.0,,2,0,1,143.0,1,9678.0,2025-05-13,Ordered and Fulfilled
70887,2025-05-08,153.0,,1,0,0,,1,9712.0,2025-05-11,Ordered and Fulfilled
70966,2025-05-08,154.0,,1,0,1,157.0,1,9742.0,2025-05-10,Ordered and Fulfilled
71059,2025-05-08,148.0,,2,1,0,,0,,2025-05-08,Sold
71178,2025-05-08,130.0,,1,1,0,,0,,2025-05-08,Sold
70259,2025-05-09,,Antibiotic,2,0,0,,0,,,Customer Declined
70530,2025-05-09,132.0,,2,0,1,127.0,0,,,Customer Declined
70712,2025-05-09,137.0,,2,0,1,135.0,0,,,Alternative Accepted
70794,2025-05-09,144.0,,2,0,1,146.0,1,9679.0,2025-05-14,Ordered and Fulfilled
71249,2025-05-09,165.0,,2,1,0,,0,,2025-05-09,Sold
70845,2025-05-10,147.0,,2,0,1,144.0,0,,,Alternative Accepted
71147,2025-05-10,108.0,,1,1,0,,0,,2025-05-10,Sold
71156,2025-05-10,156.0,,2,1,0,,0,,2025-05-10,Sold
70260,2025-05-11,115.0,,1,0,1,116.0,1,9436.0,2025-05-14,Ordered and Fulfilled
70713,2025-05-11,137.0,,2,0,1,141.0,1,9641.0,2025-05-17,Ordered and Fulfilled
70795,2025-05-11,144.0,,2,0,1,145.0,1,9680.0,2025-05-16,Ordered and Fulfilled
71200,2025-05-11,110.0,,2,1,0,,0,,2025-05-11,Sold
71225,2025-05-11,151.0,,2,1,0,,0,,2025-05-11,Sold
71274,2025-05-11,129.0,,1,1,0,,0,,2025-05-11,Sold
71276,2025-05-11,155.0,,1,1,0,,0,,2025-05-11,Sold
70027,2025-05-12,102.0,,1,0,1,101.0,1,9345.0,2025-05-17,Ordered and Fulfilled
70117,2025-05-12,103.0,,1,0,0,,1,9384.0,2025-05-20,Ordered and Fulfilled
70118,2025-05-13,103.0,,2,0,1,102.0,0,,,Alternative Accepted
70639,2025-05-13,136.0,,2,0,1,141.0,1,9610.0,2025-05-22,Ordered and Fulfilled
70967,2025-05-13,154.0,,1,0,1,151.0,1,9743.0,2025-05-20,Ordered and Fulfilled
71068,2025-05-13,169.0,,2,1,0,,0,,2025-05-13,Sold
70385,2025-05-14,121.0,,1,0,1,122.0,1,9493.0,2025-05-25,Ordered and Fulfilled
70796,2025-05-14,144.0,,1,0,0,,1,9681.0,2025-05-19,Ordered and Fulfilled
70714,2025-05-15,137.0,,2,0,1,135.0,0,,,Customer Declined
71302,2025-05-15,161.0,,2,1,0,,0,,2025-05-15,Sold
70640,2025-05-16,136.0,,1,0,1,139.0,1,9611.0,2025-05-20,Ordered and Fulfilled
71133,2025-05-16,139.0,,1,1,0,,0,,2025-05-16,Sold
70028,2025-05-17,102.0,,2,0,1,103.0,1,9346.0,2025-05-22,Ordered and Fulfilled
70797,2025-05-17,144.0,,1,0,0,,0,,,Unavailable
70968,2025-05-17,154.0,,1,0,1,151.0,1,9744.0,2025-05-19,Ordered and Fulfilled
71265,2025-05-17,116.0,,2,1,0,,0,,2025-05-17,Sold
70029,2025-05-18,102.0,,2,0,1,101.0,1,9347.0,2025-05-28,Ordered and Fulfilled
70119,2025-05-18,103.0,,2,0,1,102.0,1,9385.0,2025-05-22,Ordered and Fulfilled
70261,2025-05-18,115.0,,2,0,1,119.0,0,,,Alternative Accepted
70641,2025-05-18,136.0,,1,0,0,,1,9612.0,2025-05-27,Ordered and Fulfilled
71314,2025-05-18,164.0,,2,1,0,,0,,2025-05-18,Sold
70030,2025-05-19,102.0,,2,0,0,,1,9348.0,2025-05-27,Ordered and Fulfilled
70120,2025-05-19,103.0,,1,0,1,102.0,0,,,Unavailable
70262,2025-05-19,,Antibiotic,1,0,0,,0,,,Unavailable
70319,2025-05-19,120.0,,1,0,0,,1,9465.0,2025-05-22,Ordered and Fulfilled
71047,2025-05-19,125.0,,1,1,0,,0,,2025-05-19,Sold
70031,2025-05-20,102.0,,1,0,1,101.0,0,,,Unavailable
70121,2025-05-20,103.0,,1,0,1,101.0,0,,,Alternative Accepted
70531,2025-05-20,,Cough & Cold,2,0,1,129.0,0,,,Customer Declined
70642,2025-05-20,136.0,,1,0,1,137.0,0,,,Alternative Accepted
70715,2025-05-20,137.0,,2,0,0,,1,9642.0,2025-05-24,Ordered and Fulfilled
71227,2025-05-20,126.0,,2,1,0,,0,,2025-05-20,Sold
70386,2025-05-21,121.0,,2,0,1,124.0,1,9494.0,2025-05-26,Ordered and Fulfilled
70481,2025-05-21,,Cough & Cold,1,0,0,,1,9530.0,2025-05-26,Ordered and Fulfilled
70643,2025-05-21,136.0,,2,0,0,,0,,,Unavailable
70716,2025-05-21,137.0,,2,0,0,,0,,,Unavailable
71235,2025-05-21,118.0,,1,1,0,,0,,2025-05-21,Sold
70263,2025-05-22,115.0,,2,0,1,118.0,1,9437.0,2025-05-25,Ordered and Fulfilled
71016,2025-05-22,156.0,,1,1,0,,0,,2025-05-22,Sold
71115,2025-05-22,118.0,,2,1,0,,0,,2025-05-22,Sold
70264,2025-05-23,115.0,,1,0,0,,1,9438.0,2025-05-30,Ordered and Fulfilled
70387,2025-05-23,121.0,,2,0,1,124.0,1,9495.0,,Other
71167,2025-05-23,131.0,,2,1,0,,0,,2025-05-23,Sold
71199,2025-05-23,127.0,,1,1,0,,0,,2025-05-23,Sold
70320,2025-05-24,120.0,,1,0,1,113.0,1,9466.0,2025-05-27,Ordered and Fulfilled
70388,2025-05-24,121.0,,2,0,0,,0,,,Customer Declined
70532,2025-05-24,132.0,,1,0,1,127.0,1,9553.0,2025-05-28,Ordered and Fulfilled
70644,2025-05-24,,Gastro/Antacid,1,0,1,138.0,0,,,Customer Declined
70032,2025-05-25,102.0,,2,0,1,101.0,1,9349.0,2025-06-03,Ordered and Fulfilled
70442,2025-05-25,124.0,,1,0,1,123.0,1,9516.0,2025-05-28,Ordered and Fulfilled
70717,2025-05-25,137.0,,1,0,1,136.0,0,,,Alternative Accepted
71177,2025-05-25,126.0,,2,1,0,,0,,2025-05-25,Sold
70033,2025-05-26,102.0,,1,0,1,103.0,0,,,Alternative Accepted
70122,2025-05-26,103.0,,2,0,1,102.0,1,9386.0,2025-05-30,Ordered and Fulfilled
70265,2025-05-26,115.0,,1,0,0,,0,,,Customer Declined
70321,2025-05-26,120.0,,1,0,0,,0,,,Customer Declined
70482,2025-05-26,128.0,,2,0,1,131.0,1,9531.0,2025-05-31,Ordered and Fulfilled
70533,2025-05-26,132.0,,1,0,1,128.0,1,9554.0,2025-05-30,Ordered and Fulfilled
71004,2025-05-26,162.0,,1,0,0,,1,9763.0,2025-05-29,Ordered and Fulfilled
71255,2025-05-26,119.0,,1,1,0,,0,,2025-05-26,Sold
70123,2025-05-27,103.0,,2,0,1,102.0,0,,,Alternative Accepted
70194,2025-05-27,113.0,,2,0,1,112.0,0,,,Unavailable
70888,2025-05-27,153.0,,2,0,1,157.0,1,9713.0,2025-05-30,Ordered and Fulfilled
70969,2025-05-27,154.0,,1,0,0,,0,,,Unavailable
70124,2025-05-28,,Antimalarial,2,0,1,101.0,1,9387.0,2025-06-01,Ordered and Fulfilled
70483,2025-05-28,128.0,,2,0,1,134.0,0,,,Alternative Accepted
70970,2025-05-28,154.0,,1,0,1,155.0,0,,,Alternative Accepted
71040,2025-05-28,158.0,,1,1,0,,0,,2025-05-28,Sold
71041,2025-05-28,157.0,,1,1,0,,0,,2025-05-28,Sold
71143,2025-05-28,129.0,,2,1,0,,0,,2025-05-28,Sold
70125,2025-05-29,103.0,,1,0,1,102.0,0,,,Alternative Accepted
70443,2025-05-29,124.0,,2,0,0,,0,,,Customer Declined
70645,2025-05-29,136.0,,2,0,1,139.0,0,,,Unavailable
71066,2025-05-29,161.0,,1,1,0,,0,,2025-05-29,Sold
71080,2025-05-29,155.0,,1,1,0,,0,,2025-05-29,Sold
71144,2025-05-29,164.0,,2,1,0,,0,,2025-05-29,Sold
71291,2025-05-29,105.0,,1,1,0,,0,,2025-05-29,Sold
70126,2025-05-30,103.0,,2,0,1,102.0,1,9388.0,2025-06-06,Ordered and Fulfilled
70266,2025-05-30,115.0,,2,0,1,117.0,0,,,Alternative Accepted
70322,2025-05-30,120.0,,2,0,0,,1,9467.0,2025-06-02,Ordered and Fulfilled
70646,2025-05-30,,Gastro/Antacid,1,0,1,137.0,0,,,Alternative Accepted
70971,2025-05-30,154.0,,1,0,0,,1,9745.0,2025-06-03,Ordered and Fulfilled
71120,2025-05-30,139.0,,2,1,0,,0,,2025-05-30,Sold
71224,2025-05-30,110.0,,2,1,0,,0,,2025-05-30,Sold
70389,2025-05-31,121.0,,2,0,0,,0,,,Customer Declined
70718,2025-05-31,137.0,,2,0,1,138.0,0,,,Alternative Accepted
71219,2025-05-31,152.0,,1,1,0,,0,,2025-05-31,Sold
70127,2025-06-01,103.0,,1,0,1,101.0,0,,,Alternative Accepted
70534,2025-06-01,,Cough & Cold,2,0,0,,1,9555.0,2025-06-07,Ordered and Fulfilled
70889,2025-06-01,153.0,,2,0,1,157.0,0,,,Alternative Accepted
71036,2025-06-01,168.0,,1,1,0,,0,,2025-06-01,Sold
71039,2025-06-01,141.0,,2,1,0,,0,,2025-06-01,Sold
71112,2025-06-01,160.0,,2,1,0,,0,,2025-06-01,Sold
71197,2025-06-01,149.0,,1,1,0,,0,,2025-06-01,Sold
70484,2025-06-02,128.0,,1,0,1,133.0,0,,,Alternative Accepted
70647,2025-06-02,136.0,,2,0,0,,1,9613.0,2025-06-06,Ordered and Fulfilled
70754,2025-06-02,140.0,,1,0,0,,1,9660.0,2025-06-07,Ordered and Fulfilled
70798,2025-06-02,144.0,,1,0,1,143.0,0,,,Alternative Accepted
71195,2025-06-02,161.0,,1,1,0,,0,,2025-06-02,Sold
70128,2025-06-03,103.0,,1,0,1,101.0,0,,,Customer Declined
70267,2025-06-03,115.0,,1,0,1,118.0,1,9439.0,2025-06-06,Ordered and Fulfilled
70799,2025-06-03,,Vitamins & Supplements,1,0,0,,1,9682.0,2025-06-08,Ordered and Fulfilled
71148,2025-06-03,138.0,,2,1,0,,0,,2025-06-03,Sold
71201,2025-06-03,126.0,,1,1,0,,0,,2025-06-03,Sold
70129,2025-06-04,103.0,,2,0,0,,0,,,Customer Declined
70390,2025-06-04,121.0,,2,0,1,126.0,1,9496.0,2025-06-09,Ordered and Fulfilled
70719,2025-06-04,137.0,,2,0,1,139.0,1,9643.0,2025-06-08,Ordered and Fulfilled
71077,2025-06-04,150.0,,2,1,0,,0,,2025-06-04,Sold
70130,2025-06-05,,Antimalarial,2,0,0,,0,,,Unavailable
70195,2025-06-05,113.0,,1,0,0,,1,9415.0,2025-06-08,Ordered and Fulfilled
70323,2025-06-05,120.0,,2,0,0,,0,,,Customer Declined
70648,2025-06-05,136.0,,2,0,1,141.0,1,9614.0,2025-06-09,Ordered and Fulfilled
70720,2025-06-05,137.0,,1,0,1,139.0,0,,,Customer Declined
71005,2025-06-05,162.0,,1,0,1,163.0,0,,,Customer Declined
71212,2025-06-05,108.0,,2,1,0,,0,,2025-06-05,Sold
70131,2025-06-06,103.0,,1,0,1,101.0,0,,,Customer Declined
70444,2025-06-06,124.0,,1,0,1,121.0,0,,,Unavailable
70721,2025-06-06,137.0,,2,0,0,,0,,,Customer Declined
70890,2025-06-06,153.0,,1,0,1,157.0,0,,,Alternative Accepted
70132,2025-06-07,103.0,,1,0,1,101.0,0,,,Alternative Accepted
70324,2025-06-07,120.0,,1,0,1,112.0,0,,,Alternative Accepted
70445,2025-06-07,124.0,,1,0,1,125.0,1,9517.0,,Other
70891,2025-06-07,153.0,,2,0,1,156.0,0,,,Alternative Accepted
71304,2025-06-07,146.0,,2,1,0,,0,,2025-06-07,Sold
70034,2025-06-08,102.0,,1,0,0,,0,,,Customer Declined
70268,2025-06-08,,Antibiotic,2,0,1,116.0,1,9440.0,2025-06-11,Ordered and Fulfilled
70800,2025-06-08,144.0,,2,0,1,147.0,0,,,Customer Declined
71082,2025-06-08,161.0,,1,1,0,,0,,2025-06-08,Sold
71188,2025-06-08,125.0,,1,1,0,,0,,2025-06-08,Sold
71243,2025-06-08,130.0,,2,1,0,,0,,2025-06-08,Sold
70535,2025-06-09,132.0,,1,0,1,131.0,1,9556.0,2025-06-13,Ordered and Fulfilled
70582,2025-06-09,133.0,,1,0,0,,1,9582.0,2025-06-16,Ordered and Fulfilled
70722,2025-06-09,137.0,,2,0,1,141.0,1,9644.0,2025-06-13,Ordered and Fulfilled
70801,2025-06-09,144.0,,2,0,1,142.0,0,,,Alternative Accepted
71164,2025-06-09,163.0,,2,1,0,,0,,2025-06-09,Sold
71240,2025-06-09,112.0,,2,1,0,,0,,2025-06-09,Sold
70325,2025-06-10,120.0,,1,0,1,118.0,0,,,Customer Declined
70536,2025-06-10,132.0,,1,0,0,,0,,,Customer Declined
71017,2025-06-10,148.0,,1,1,0,,0,,2025-06-10,Sold
71091,2025-06-10,135.0,,1,1,0,,0,,2025-06-10,Sold
71106,2025-06-10,152.0,,2,1,0,,0,,2025-06-10,Sold
70035,2025-06-11,102.0,,2,0,0,,1,9350.0,2025-06-16,Ordered and Fulfilled
70133,2025-06-11,,Antimalarial,1,0,1,102.0,1,9389.0,2025-06-17,Ordered and Fulfilled
70196,2025-06-11,113.0,,1,0,1,117.0,0,,,Customer Declined
70269,2025-06-11,115.0,,1,0,0,,1,9441.0,2025-06-14,Ordered and Fulfilled
70802,2025-06-11,144.0,,1,0,1,148.0,0,,,Alternative Accepted
71006,2025-06-11,162.0,,1,0,0,,1,9764.0,2025-06-14,Ordered and Fulfilled
71241,2025-06-11,160.0,,1,1,0,,0,,2025-06-11,Sold
70036,2025-06-12,102.0,,2,0,1,103.0,0,,,Alternative Accepted
70723,2025-06-12,137.0,,2,0,1,136.0,0,,,Alternative Accepted
70803,2025-06-12,144.0,,2,0,1,146.0,0,,,Alternative Accepted
70892,2025-06-12,153.0,,1,0,1,152.0,1,9714.0,2025-06-15,Ordered and Fulfilled
70134,2025-06-13,103.0,,2,0,0,,1,9390.0,2025-06-17,Ordered and Fulfilled
70270,2025-06-13,115.0,,1,0,0,,1,9442.0,2025-06-18,Ordered and Fulfilled
70326,2025-06-13,120.0,,1,0,0,,0,,,Customer Declined
70537,2025-06-13,132.0,,2,0,0,,0,,,Unavailable
70583,2025-06-13,133.0,,2,0,0,,0,,,Unavailable
70037,2025-06-14,102.0,,1,0,1,101.0,0,,,Alternative Accepted
70135,2025-06-14,103.0,,2,0,0,,0,,,Unavailable
70538,2025-06-14,132.0,,1,0,1,129.0,1,9557.0,2025-06-18,Ordered and Fulfilled
70755,2025-06-14,140.0,,1,0,1,137.0,1,9661.0,2025-06-19,Ordered and Fulfilled
70038,2025-06-15,102.0,,1,0,1,103.0,1,9351.0,,Other
70539,2025-06-15,132.0,,2,0,1,129.0,1,9558.0,2025-06-22,Ordered and Fulfilled
70649,2025-06-15,136.0,,2,0,1,139.0,0,,,Unavailable
70846,2025-06-15,147.0,,2,0,0,,0,,,Unavailable
70893,2025-06-15,153.0,,2,0,1,151.0,0,,,Alternative Accepted
71007,2025-06-15,162.0,,2,0,1,161.0,1,9765.0,2025-06-18,Ordered and Fulfilled
71157,2025-06-15,151.0,,2,1,0,,0,,2025-06-15,Sold
70446,2025-06-16,124.0,,1,0,1,125.0,1,9518.0,2025-06-19,Ordered and Fulfilled
70584,2025-06-16,133.0,,1,0,0,,0,,,Customer Declined
70724,2025-06-16,137.0,,1,0,0,,1,9645.0,2025-06-20,Ordered and Fulfilled
70894,2025-06-16,153.0,,2,0,0,,1,9715.0,2025-06-19,Ordered and Fulfilled
71244,2025-06-16,155.0,,1,1,0,,0,,2025-06-16,Sold
70039,2025-06-17,102.0,,2,0,1,101.0,0,,,Alternative Accepted
70540,2025-06-17,132.0,,1,0,0,,0,,,Customer Declined
70725,2025-06-17,,Gastro/Antacid,1,0,0,,1,9646.0,2025-06-21,Ordered and Fulfilled
70895,2025-06-17,153.0,,2,0,1,151.0,0,,,Customer Declined
71069,2025-06-17,138.0,,2,1,0,,0,,2025-06-17,Sold
71275,2025-06-17,117.0,,2,1,0,,0,,2025-06-17,Sold
70650,2025-06-18,136.0,,2,0,0,,1,9615.0,2025-06-22,Ordered and Fulfilled
71029,2025-06-18,110.0,,1,1,0,,0,,2025-06-18,Sold
70136,2025-06-19,103.0,,1,0,1,101.0,0,,,Alternative Accepted
70271,2025-06-19,115.0,,1,0,1,114.0,0,,,Customer Declined
70391,2025-06-19,121.0,,1,0,0,,0,,,Customer Declined
70447,2025-06-19,124.0,,1,0,1,125.0,0,,,Alternative Accepted
70585,2025-06-19,133.0,,1,0,1,130.0,1,9583.0,2025-06-21,Ordered and Fulfilled
70756,2025-06-19,140.0,,2,0,1,137.0,0,,,Alternative Accepted
70197,2025-06-20,113.0,,1,0,1,117.0,0,,,Unavailable
70272,2025-06-20,115.0,,2,0,1,112.0,1,9443.0,,Other
70804,2025-06-20,144.0,,1,0,1,146.0,0,,,Unavailable
70847,2025-06-20,147.0,,1,0,1,144.0,0,,,Alternative Accepted
70896,2025-06-20,,Dermatological,1,0,0,,0,,,Unavailable
70040,2025-06-21,,Antimalarial,2,0,0,,1,9352.0,,Other
70392,2025-06-21,121.0,,2,0,1,123.0,1,9497.0,2025-06-26,Ordered and Fulfilled
70485,2025-06-21,,Cough & Cold,2,0,1,127.0,1,9532.0,,Other
70541,2025-06-21,132.0,,1,0,1,129.0,1,9559.0,2025-06-25,Ordered and Fulfilled
71258,2025-06-21,151.0,,2,1,0,,0,,2025-06-21,Sold
70137,2025-06-22,103.0,,1,0,1,102.0,1,9391.0,2025-06-26,Ordered and Fulfilled
70273,2025-06-22,115.0,,2,0,0,,1,9444.0,2025-06-25,Ordered and Fulfilled
70486,2025-06-22,128.0,,2,0,1,130.0,0,,,Customer Declined
70848,2025-06-22,147.0,,2,0,0,,0,,,Customer Declined
70897,2025-06-22,,Dermatological,2,0,0,,0,,,Unavailable
71194,2025-06-22,138.0,,2,1,0,,0,,2025-06-22,Sold
71210,2025-06-22,139.0,,1,1,0,,0,,2025-06-22,Sold
70041,2025-06-23,102.0,,2,0,1,103.0,0,,,Alternative Accepted
70542,2025-06-23,,Cough & Cold,2,0,1,129.0,0,,,Alternative Accepted
70651,2025-06-23,,Gastro/Antacid,2,0,1,141.0,0,,,Unavailable
71117,2025-06-23,152.0,,1,1,0,,0,,2025-06-23,Sold
71263,2025-06-23,138.0,,1,1,0,,0,,2025-06-23,Sold
70138,2025-06-24,103.0,,2,0,1,101.0,1,9392.0,2025-06-28,Ordered and Fulfilled
70198,2025-06-24,113.0,,1,0,0,,0,,,Unavailable
70274,2025-06-24,,Antibiotic,1,0,0,,0,,,Customer Declined
70726,2025-06-24,137.0,,2,0,1,140.0,0,,,Unavailable
70849,2025-06-24,147.0,,1,0,1,145.0,0,,,Alternative Accepted
70139,2025-06-25,103.0,,1,0,0,,0,,,Customer Declined
70487,2025-06-25,128.0,,2,0,1,129.0,1,9533.0,2025-06-30,Ordered and Fulfilled
70757,2025-06-25,140.0,,1,0,0,,1,9662.0,2025-06-30,Ordered and Fulfilled
71168,2025-06-25,114.0,,1,1,0,,0,,2025-06-25,Sold
71313,2025-06-25,104.0,,1,1,0,,0,,2025-06-25,Sold
70140,2025-06-26,103.0,,1,0,0,,0,,,Customer Declined
70199,2025-06-26,113.0,,1,0,1,117.0,0,,,Alternative Accepted
70327,2025-06-26,,Antibiotic,2,0,1,117.0,0,,,Customer Declined
70448,2025-06-26,124.0,,1,0,1,123.0,0,,,Alternative Accepted
70586,2025-06-26,133.0,,1,0,1,128.0,0,,,Unavailable
70850,2025-06-26,147.0,,1,0,1,150.0,0,,,Alternative Accepted
71031,2025-06-26,167.0,,1,1,0,,0,,2025-06-26,Sold
71196,2025-06-26,142.0,,1,1,0,,0,,2025-06-26,Sold
70042,2025-06-27,,Antimalarial,1,0,0,,0,,,Unavailable
70328,2025-06-27,120.0,,1,0,1,117.0,1,9468.0,2025-06-30,Ordered and Fulfilled
70805,2025-06-27,,Vitamins & Supplements,2,0,1,142.0,1,9683.0,2025-07-02,Ordered and Fulfilled
71169,2025-06-27,150.0,,2,1,0,,0,,2025-06-27,Sold
70652,2025-06-28,136.0,,1,0,1,138.0,1,9616.0,2025-07-08,Ordered and Fulfilled
71226,2025-06-28,167.0,,2,1,0,,0,,2025-06-28,Sold
70043,2025-06-29,102.0,,2,0,1,103.0,1,9353.0,2025-07-04,Ordered and Fulfilled
70141,2025-06-29,,Antimalarial,2,0,0,,1,9393.0,2025-07-03,Ordered and Fulfilled
70200,2025-06-29,113.0,,2,0,1,120.0,0,,,Alternative Accepted
70393,2025-06-29,121.0,,2,0,1,126.0,1,9498.0,2025-07-04,Ordered and Fulfilled
70488,2025-06-29,128.0,,2,0,1,129.0,0,,,Alternative Accepted
70543,2025-06-29,132.0,,2,0,0,,0,,,Customer Declined
71301,2025-06-29,168.0,,1,1,0,,0,,2025-06-29,Sold
70142,2025-06-30,103.0,,1,0,1,101.0,0,,,Unavailable
70275,2025-06-30,115.0,,2,0,1,114.0,1,9445.0,2025-07-03,Ordered and Fulfilled
70329,2025-06-30,120.0,,2,0,1,115.0,0,,,Alternative Accepted
70394,2025-06-30,,Antihistamine,1,0,1,122.0,0,,,Alternative Accepted
70489,2025-06-30,128.0,,1,0,1,127.0,0,,,Alternative Accepted
70972,2025-06-30,154.0,,2,0,0,,0,,,Unavailable
71305,2025-06-30,126.0,,1,1,0,,0,,2025-06-30,Sold
70044,2025-07-01,102.0,,1,0,1,103.0,0,,,Alternative Accepted
70395,2025-07-01,121.0,,2,0,1,126.0,1,9499.0,2025-07-06,Ordered and Fulfilled
70544,2025-07-01,132.0,,2,0,0,,1,9560.0,2025-07-05,Ordered and Fulfilled
70727,2025-07-01,137.0,,2,0,1,141.0,0,,,Unavailable
71008,2025-07-01,,Antiseptic/First Aid,1,0,1,160.0,1,9766.0,2025-07-08,Ordered and Fulfilled
70396,2025-07-02,121.0,,1,0,1,126.0,0,,,Unavailable
70806,2025-07-02,144.0,,2,0,1,145.0,0,,,Alternative Accepted
70898,2025-07-02,153.0,,2,0,1,157.0,0,,,Alternative Accepted
70973,2025-07-02,,Dermatological,2,0,1,152.0,0,,,Alternative Accepted
71028,2025-07-02,130.0,,1,1,0,,0,,2025-07-02,Sold
70330,2025-07-03,120.0,,1,0,0,,1,9469.0,2025-07-11,Ordered and Fulfilled
70807,2025-07-03,144.0,,1,0,1,146.0,0,,,Alternative Accepted
70974,2025-07-03,154.0,,1,0,0,,0,,,Customer Declined
71163,2025-07-03,168.0,,1,1,0,,0,,2025-07-03,Sold
70045,2025-07-04,,Antimalarial,2,0,1,101.0,0,,,Customer Declined
70276,2025-07-04,115.0,,2,0,1,118.0,1,9446.0,2025-07-07,Ordered and Fulfilled
70397,2025-07-04,121.0,,1,0,0,,1,9500.0,2025-07-09,Ordered and Fulfilled
70545,2025-07-04,,Cough & Cold,1,0,1,127.0,0,,,Alternative Accepted
70653,2025-07-04,136.0,,2,0,1,140.0,1,9617.0,2025-07-08,Ordered and Fulfilled
70899,2025-07-04,153.0,,1,0,1,157.0,1,9716.0,2025-07-07,Ordered and Fulfilled
71071,2025-07-04,149.0,,1,1,0,,0,,2025-07-04,Sold
70046,2025-07-05,102.0,,2,0,1,101.0,1,9354.0,2025-07-14,Ordered and Fulfilled
70546,2025-07-05,132.0,,2,0,1,128.0,0,,,Unavailable
70654,2025-07-05,136.0,,2,0,0,,0,,,Unavailable
71252,2025-07-05,105.0,,1,1,0,,0,,2025-07-05,Sold
70201,2025-07-06,113.0,,1,0,1,116.0,1,9416.0,2025-07-09,Ordered and Fulfilled
71165,2025-07-06,155.0,,1,1,0,,0,,2025-07-06,Sold
70547,2025-07-07,132.0,,1,0,0,,1,9561.0,2025-07-11,Ordered and Fulfilled
70655,2025-07-07,136.0,,2,0,0,,0,,,Unavailable
70728,2025-07-07,,Gastro/Antacid,2,0,1,136.0,1,9647.0,2025-07-11,Ordered and Fulfilled
70808,2025-07-07,144.0,,1,0,1,150.0,1,9684.0,2025-07-12,Ordered and Fulfilled
70143,2025-07-08,103.0,,2,0,1,101.0,0,,,Customer Declined
70277,2025-07-08,,Antibiotic,2,0,1,117.0,0,,,Alternative Accepted
71215,2025-07-08,131.0,,1,1,0,,0,,2025-07-08,Sold
71250,2025-07-08,112.0,,1,1,0,,0,,2025-07-08,Sold
70278,2025-07-09,115.0,,2,0,1,120.0,0,,,Alternative Accepted
70398,2025-07-09,121.0,,2,0,0,,0,,,Customer Declined
70490,2025-07-09,128.0,,1,0,1,133.0,1,9534.0,2025-07-14,Ordered and Fulfilled
70587,2025-07-09,133.0,,1,0,1,127.0,1,9584.0,2025-07-11,Ordered and Fulfilled
71009,2025-07-09,162.0,,1,0,0,,0,,,Unavailable
71294,2025-07-09,165.0,,2,1,0,,0,,2025-07-09,Sold
70144,2025-07-10,103.0,,1,0,1,102.0,0,,,Alternative Accepted
70202,2025-07-10,113.0,,2,0,1,117.0,0,,,Alternative Accepted
70491,2025-07-10,128.0,,1,0,1,132.0,0,,,Alternative Accepted
70548,2025-07-10,132.0,,1,0,1,128.0,0,,,Alternative Accepted
70975,2025-07-10,154.0,,1,0,1,153.0,0,,,Alternative Accepted
71072,2025-07-10,110.0,,2,1,0,,0,,2025-07-10,Sold
71074,2025-07-10,125.0,,1,1,0,,0,,2025-07-10,Sold
70145,2025-07-11,103.0,,2,0,0,,1,9394.0,2025-07-15,Ordered and Fulfilled
70549,2025-07-11,132.0,,2,0,1,134.0,1,9562.0,2025-07-15,Ordered and Fulfilled
71118,2025-07-11,139.0,,2,1,0,,0,,2025-07-11,Sold
70146,2025-07-12,103.0,,2,0,0,,0,,,Unavailable
70203,2025-07-12,113.0,,1,0,1,114.0,0,,,Unavailable
70550,2025-07-12,132.0,,1,0,1,133.0,1,9563.0,2025-07-16,Ordered and Fulfilled
70656,2025-07-12,136.0,,2,0,1,138.0,1,9618.0,2025-07-16,Ordered and Fulfilled
70809,2025-07-12,144.0,,1,0,0,,1,9685.0,2025-07-21,Ordered and Fulfilled
70900,2025-07-12,153.0,,2,0,1,156.0,1,9717.0,2025-07-15,Ordered and Fulfilled
70976,2025-07-12,154.0,,2,0,1,156.0,0,,,Alternative Accepted
71026,2025-07-12,151.0,,2,1,0,,0,,2025-07-12,Sold
70147,2025-07-13,103.0,,1,0,1,101.0,0,,,Customer Declined
70204,2025-07-13,113.0,,1,0,1,120.0,0,,,Alternative Accepted
70551,2025-07-13,132.0,,2,0,0,,1,9564.0,2025-07-17,Ordered and Fulfilled
70729,2025-07-13,137.0,,2,0,1,135.0,1,9648.0,2025-07-17,Ordered and Fulfilled
70148,2025-07-14,103.0,,2,0,1,102.0,1,9395.0,2025-07-18,Ordered and Fulfilled
70205,2025-07-14,113.0,,1,0,1,120.0,0,,,Unavailable
70399,2025-07-14,121.0,,2,0,0,,0,,,Unavailable
70657,2025-07-14,136.0,,2,0,0,,1,9619.0,2025-07-18,Ordered and Fulfilled
70851,2025-07-14,147.0,,2,0,1,145.0,0,,,Alternative Accepted
70206,2025-07-15,113.0,,1,0,0,,1,9417.0,,Other
70279,2025-07-15,115.0,,2,0,1,113.0,0,,,Alternative Accepted
70331,2025-07-15,,Antibiotic,2,0,0,,0,,,Customer Declined
70449,2025-07-15,,Antihistamine,1,0,1,122.0,0,,,Alternative Accepted
70730,2025-07-15,137.0,,1,0,0,,0,,,Unavailable
70901,2025-07-15,153.0,,2,0,1,155.0,1,9718.0,2025-07-18,Ordered and Fulfilled
70977,2025-07-15,154.0,,2,0,1,153.0,1,9746.0,2025-07-17,Ordered and Fulfilled
71181,2025-07-15,148.0,,1,1,0,,0,,2025-07-15,Sold
70047,2025-07-16,102.0,,1,0,0,,0,,,Customer Declined
70207,2025-07-16,113.0,,2,0,1,114.0,1,9418.0,2025-07-19,Ordered and Fulfilled
70280,2025-07-16,,Antibiotic,2,0,0,,0,,,Unavailable
70492,2025-07-16,128.0,,1,0,1,130.0,0,,,Unavailable
70658,2025-07-16,136.0,,1,0,1,138.0,0,,,Customer Declined
70978,2025-07-16,154.0,,2,0,1,156.0,1,9747.0,2025-07-18,Ordered and Fulfilled
70149,2025-07-17,103.0,,1,0,0,,0,,,Unavailable
70552,2025-07-17,132.0,,1,0,1,130.0,1,9565.0,2025-07-21,Ordered and Fulfilled
70902,2025-07-17,153.0,,1,0,0,,0,,,Customer Declined
71014,2025-07-17,167.0,,1,0,1,164.0,0,,,Unavailable
71084,2025-07-17,123.0,,2,1,0,,0,,2025-07-17,Sold
71204,2025-07-17,141.0,,2,1,0,,0,,2025-07-17,Sold
71246,2025-07-17,155.0,,1,1,0,,0,,2025-07-17,Sold
70150,2025-07-18,103.0,,2,0,1,102.0,1,9396.0,2025-07-22,Ordered and Fulfilled
70588,2025-07-18,133.0,,2,0,1,131.0,0,,,Alternative Accepted
70659,2025-07-18,136.0,,2,0,1,137.0,0,,,Alternative Accepted
70731,2025-07-18,137.0,,2,0,1,136.0,1,9649.0,2025-07-22,Ordered and Fulfilled
71019,2025-07-18,148.0,,1,1,0,,0,,2025-07-18,Sold
71161,2025-07-18,143.0,,1,1,0,,0,,2025-07-18,Sold
71278,2025-07-18,105.0,,1,1,0,,0,,2025-07-18,Sold
70732,2025-07-19,137.0,,1,0,1,140.0,1,9650.0,2025-07-23,Ordered and Fulfilled
70810,2025-07-19,,Vitamins & Supplements,1,0,0,,0,,,Customer Declined
70979,2025-07-19,,Dermatological,1,0,1,155.0,1,9748.0,2025-07-26,Ordered and Fulfilled
71083,2025-07-19,168.0,,1,1,0,,0,,2025-07-19,Sold
71282,2025-07-19,145.0,,1,1,0,,0,,2025-07-19,Sold
70151,2025-07-20,103.0,,2,0,1,102.0,1,9397.0,2025-07-24,Ordered and Fulfilled
70980,2025-07-20,154.0,,2,0,1,151.0,1,9749.0,2025-07-24,Ordered and Fulfilled
71248,2025-07-20,135.0,,2,1,0,,0,,2025-07-20,Sold
70048,2025-07-21,102.0,,2,0,0,,0,,,Unavailable
70152,2025-07-21,103.0,,1,0,1,101.0,0,,,Alternative Accepted
70208,2025-07-21,113.0,,1,0,1,120.0,0,,,Alternative Accepted
70400,2025-07-21,121.0,,2,0,1,125.0,1,9501.0,2025-07-26,Ordered and Fulfilled
70450,2025-07-21,,Antihistamine,2,0,0,,0,,,Customer Declined
70660,2025-07-21,136.0,,2,0,1,138.0,1,9620.0,2025-07-25,Ordered and Fulfilled
70733,2025-07-21,137.0,,2,0,1,136.0,0,,,Alternative Accepted
70981,2025-07-21,154.0,,1,0,1,153.0,1,9750.0,2025-07-23,Ordered and Fulfilled
70049,2025-07-22,,Antimalarial,1,0,1,103.0,0,,,Alternative Accepted
70153,2025-07-22,103.0,,2,0,1,102.0,0,,,Alternative Accepted
70401,2025-07-22,121.0,,2,0,0,,0,,,Unavailable
70661,2025-07-22,,Gastro/Antacid,1,0,1,140.0,0,,,Alternative Accepted
70811,2025-07-22,144.0,,1,0,1,145.0,1,9686.0,2025-07-27,Ordered and Fulfilled
70903,2025-07-22,,Dermatological,1,0,1,151.0,0,,,Customer Declined
70982,2025-07-22,154.0,,2,0,0,,1,9751.0,2025-07-27,Ordered and Fulfilled
71086,2025-07-22,106.0,,1,1,0,,0,,2025-07-22,Sold
70451,2025-07-23,,Antihistamine,2,0,1,121.0,0,,,Alternative Accepted
70493,2025-07-23,128.0,,1,0,1,133.0,0,,,Unavailable
70904,2025-07-23,153.0,,1,0,0,,0,,,Customer Declined
71150,2025-07-23,159.0,,2,1,0,,0,,2025-07-23,Sold
70154,2025-07-24,103.0,,1,0,0,,0,,,Unavailable
70209,2025-07-24,113.0,,1,0,1,114.0,0,,,Alternative Accepted
70452,2025-07-24,124.0,,1,0,1,125.0,1,9519.0,2025-07-30,Ordered and Fulfilled
70494,2025-07-24,,Cough & Cold,1,0,1,133.0,1,9535.0,2025-08-01,Ordered and Fulfilled
70905,2025-07-24,153.0,,2,0,1,156.0,0,,,Alternative Accepted
71298,2025-07-24,148.0,,2,1,0,,0,,2025-07-24,Sold
70050,2025-07-25,102.0,,1,0,0,,1,9355.0,2025-07-30,Ordered and Fulfilled
70453,2025-07-25,124.0,,1,0,1,126.0,1,9520.0,2025-08-01,Ordered and Fulfilled
70495,2025-07-25,128.0,,1,0,0,,1,9536.0,2025-07-30,Ordered and Fulfilled
70553,2025-07-25,132.0,,1,0,0,,1,9566.0,2025-07-29,Ordered and Fulfilled
70454,2025-07-26,124.0,,2,0,1,123.0,1,9521.0,2025-07-29,Ordered and Fulfilled
70554,2025-07-26,132.0,,2,0,1,134.0,0,,,Alternative Accepted
70812,2025-07-26,144.0,,2,0,1,143.0,0,,,Alternative Accepted
71123,2025-07-26,152.0,,1,1,0,,0,,2025-07-26,Sold
71254,2025-07-26,123.0,,2,1,0,,0,,2025-07-26,Sold
70332,2025-07-27,,Antibiotic,2,0,0,,0,,,Unavailable
70402,2025-07-27,121.0,,2,0,0,,0,,,Customer Declined
70852,2025-07-27,147.0,,1,0,0,,0,,,Unavailable
70906,2025-07-27,,Dermatological,1,0,1,156.0,0,,,Unavailable
70155,2025-07-28,,Antimalarial,1,0,0,,0,,,Unavailable
70210,2025-07-28,,Antibiotic,2,0,1,120.0,1,9419.0,2025-07-31,Ordered and Fulfilled
70734,2025-07-28,137.0,,2,0,1,141.0,0,,,Alternative Accepted
70907,2025-07-28,153.0,,1,0,1,156.0,1,9719.0,2025-07-31,Ordered and Fulfilled
70983,2025-07-28,,Dermatological,1,0,1,157.0,1,9752.0,2025-07-30,Ordered and Fulfilled
70211,2025-07-29,113.0,,2,0,0,,0,,,Customer Declined
70281,2025-07-29,115.0,,1,0,0,,0,,,Unavailable
70333,2025-07-29,120.0,,2,0,1,119.0,1,9470.0,2025-08-01,Ordered and Fulfilled
70589,2025-07-29,133.0,,2,0,1,128.0,0,,,Alternative Accepted
71053,2025-07-29,143.0,,2,1,0,,0,,2025-07-29,Sold
71153,2025-07-29,146.0,,2,1,0,,0,,2025-07-29,Sold
71300,2025-07-29,164.0,,1,1,0,,0,,2025-07-29,Sold
70813,2025-07-30,144.0,,2,0,1,143.0,0,,,Customer Declined
70156,2025-07-31,103.0,,2,0,1,102.0,0,,,Alternative Accepted
70403,2025-07-31,121.0,,1,0,1,123.0,0,,,Customer Declined
70496,2025-07-31,128.0,,2,0,1,133.0,1,9537.0,2025-08-05,Ordered and Fulfilled
71267,2025-07-31,139.0,,2,1,0,,0,,2025-07-31,Sold
70051,2025-08-01,102.0,,2,0,0,,0,,,Unavailable
70662,2025-08-01,136.0,,2,0,0,,0,,,Customer Declined
70814,2025-08-01,144.0,,1,0,1,148.0,0,,,Customer Declined
70984,2025-08-01,154.0,,1,0,1,152.0,0,,,Alternative Accepted
70404,2025-08-02,121.0,,2,0,1,124.0,0,,,Alternative Accepted
70908,2025-08-02,153.0,,1,0,0,,1,9720.0,2025-08-05,Ordered and Fulfilled
71058,2025-08-02,168.0,,2,1,0,,0,,2025-08-02,Sold
71114,2025-08-02,122.0,,1,1,0,,0,,2025-08-02,Sold
70212,2025-08-03,113.0,,2,0,0,,0,,,Customer Declined
70555,2025-08-03,132.0,,1,0,1,134.0,1,9567.0,2025-08-07,Ordered and Fulfilled
70909,2025-08-03,153.0,,1,0,1,154.0,1,9721.0,2025-08-06,Ordered and Fulfilled
70052,2025-08-04,102.0,,2,0,1,101.0,1,9356.0,2025-08-09,Ordered and Fulfilled
70556,2025-08-04,,Cough & Cold,1,0,1,127.0,0,,,Alternative Accepted
70910,2025-08-04,,Dermatological,2,0,1,157.0,1,9722.0,2025-08-07,Ordered and Fulfilled
71228,2025-08-04,143.0,,2,1,0,,0,,2025-08-04,Sold
70053,2025-08-05,102.0,,1,0,1,101.0,0,,,Customer Declined
70157,2025-08-05,,Antimalarial,1,0,1,101.0,1,9398.0,2025-08-09,Ordered and Fulfilled
70557,2025-08-05,132.0,,1,0,0,,1,9568.0,2025-08-09,Ordered and Fulfilled
70590,2025-08-05,133.0,,2,0,1,128.0,1,9585.0,2025-08-07,Ordered and Fulfilled
71035,2025-08-05,114.0,,1,1,0,,0,,2025-08-05,Sold
71176,2025-08-05,156.0,,1,1,0,,0,,2025-08-05,Sold
70213,2025-08-06,113.0,,2,0,1,115.0,1,9420.0,2025-08-09,Ordered and Fulfilled
70334,2025-08-06,,Antibiotic,2,0,0,,1,9471.0,2025-08-09,Ordered and Fulfilled
70405,2025-08-06,121.0,,1,0,1,125.0,1,9502.0,2025-08-11,Ordered and Fulfilled
70815,2025-08-06,144.0,,1,0,1,143.0,0,,,Alternative Accepted
71057,2025-08-06,148.0,,2,1,0,,0,,2025-08-06,Sold
71087,2025-08-06,158.0,,2,1,0,,0,,2025-08-06,Sold
70054,2025-08-07,102.0,,1,0,0,,0,,,Customer Declined
70282,2025-08-07,115.0,,2,0,1,112.0,1,9447.0,2025-08-10,Ordered and Fulfilled
70406,2025-08-07,121.0,,1,0,1,125.0,0,,,Customer Declined
70816,2025-08-07,144.0,,1,0,1,147.0,0,,,Customer Declined
70911,2025-08-07,153.0,,1,0,0,,1,9723.0,2025-08-10,Ordered and Fulfilled
71045,2025-08-07,160.0,,2,1,0,,0,,2025-08-07,Sold
71203,2025-08-07,125.0,,2,1,0,,0,,2025-08-07,Sold
70158,2025-08-08,103.0,,2,0,0,,1,9399.0,2025-08-12,Ordered and Fulfilled
70591,2025-08-08,133.0,,2,0,0,,0,,,Customer Declined
70735,2025-08-08,137.0,,1,0,1,136.0,0,,,Customer Declined
70817,2025-08-08,144.0,,1,0,1,145.0,0,,,Alternative Accepted
71131,2025-08-08,155.0,,2,1,0,,0,,2025-08-08,Sold
70736,2025-08-09,137.0,,2,0,1,141.0,0,,,Customer Declined
70159,2025-08-10,103.0,,2,0,1,101.0,0,,,Unavailable
70737,2025-08-10,137.0,,2,0,1,140.0,1,9651.0,2025-08-14,Ordered and Fulfilled
71010,2025-08-10,162.0,,1,0,1,163.0,0,,,Alternative Accepted
70283,2025-08-11,,Antibiotic,2,0,1,118.0,1,9448.0,2025-08-14,Ordered and Fulfilled
70455,2025-08-11,,Antihistamine,1,0,1,123.0,0,,,Alternative Accepted
70558,2025-08-11,132.0,,1,0,1,131.0,1,9569.0,2025-08-15,Ordered and Fulfilled
70912,2025-08-11,153.0,,2,0,1,155.0,0,,,Unavailable
71140,2025-08-11,143.0,,2,1,0,,0,,2025-08-11,Sold
71149,2025-08-11,152.0,,1,1,0,,0,,2025-08-11,Sold
71170,2025-08-11,157.0,,2,1,0,,0,,2025-08-11,Sold
71271,2025-08-11,101.0,,2,1,0,,0,,2025-08-11,Sold
70160,2025-08-12,103.0,,2,0,0,,0,,,Customer Declined
70284,2025-08-12,115.0,,2,0,1,112.0,0,,,Customer Declined
70407,2025-08-12,121.0,,1,0,1,126.0,0,,,Alternative Accepted
70456,2025-08-12,124.0,,1,0,0,,0,,,Unavailable
70663,2025-08-12,,Gastro/Antacid,1,0,1,141.0,1,9621.0,2025-08-16,Ordered and Fulfilled
71238,2025-08-12,163.0,,2,1,0,,0,,2025-08-12,Sold
70161,2025-08-13,,Antimalarial,1,0,1,101.0,1,9400.0,2025-08-17,Ordered and Fulfilled
70285,2025-08-13,115.0,,1,0,0,,0,,,Unavailable
70497,2025-08-13,128.0,,1,0,1,133.0,0,,,Alternative Accepted
70559,2025-08-13,132.0,,1,0,1,131.0,1,9570.0,2025-08-17,Ordered and Fulfilled
70913,2025-08-13,,Dermatological,1,0,0,,0,,,Unavailable
71116,2025-08-13,135.0,,1,1,0,,0,,2025-08-13,Sold
71125,2025-08-13,170.0,,2,1,0,,0,,2025-08-13,Sold
71242,2025-08-13,159.0,,1,1,0,,0,,2025-08-13,Sold
71285,2025-08-13,145.0,,2,1,0,,0,,2025-08-13,Sold
70498,2025-08-14,128.0,,2,0,1,132.0,0,,,Alternative Accepted
70592,2025-08-14,,Cough & Cold,1,0,0,,0,,,Customer Declined
70738,2025-08-14,137.0,,1,0,1,136.0,1,9652.0,2025-08-18,Ordered and Fulfilled
70914,2025-08-14,,Dermatological,2,0,0,,1,9724.0,2025-08-22,Ordered and Fulfilled
71063,2025-08-14,164.0,,2,1,0,,0,,2025-08-14,Sold
71078,2025-08-14,169.0,,2,1,0,,0,,2025-08-14,Sold
71094,2025-08-14,135.0,,1,1,0,,0,,2025-08-14,Sold
71130,2025-08-14,126.0,,2,1,0,,0,,2025-08-14,Sold
71172,2025-08-14,131.0,,1,1,0,,0,,2025-08-14,Sold
70055,2025-08-15,102.0,,1,0,1,103.0,0,,,Alternative Accepted
70162,2025-08-15,103.0,,1,0,1,101.0,1,9401.0,2025-08-19,Ordered and Fulfilled
70214,2025-08-15,113.0,,2,0,1,115.0,0,,,Customer Declined
70335,2025-08-15,120.0,,1,0,0,,0,,,Unavailable
70457,2025-08-15,124.0,,1,0,0,,1,9522.0,2025-08-18,Ordered and Fulfilled
71050,2025-08-15,160.0,,2,1,0,,0,,2025-08-15,Sold
70408,2025-08-16,121.0,,1,0,0,,0,,,Customer Declined
70739,2025-08-16,137.0,,1,0,1,135.0,1,9653.0,2025-08-20,Ordered and Fulfilled
70818,2025-08-16,144.0,,1,0,1,147.0,1,9687.0,2025-08-21,Ordered and Fulfilled
70056,2025-08-17,102.0,,2,0,0,,1,9357.0,2025-08-26,Ordered and Fulfilled
70163,2025-08-17,103.0,,2,0,1,102.0,0,,,Customer Declined
70286,2025-08-17,115.0,,1,0,0,,0,,,Unavailable
70409,2025-08-17,121.0,,1,0,1,126.0,0,,,Alternative Accepted
70560,2025-08-17,132.0,,2,0,0,,1,9571.0,2025-08-21,Ordered and Fulfilled
70819,2025-08-17,,Vitamins & Supplements,2,0,0,,0,,,Customer Declined
70336,2025-08-18,120.0,,2,0,1,115.0,0,,,Alternative Accepted
70499,2025-08-18,128.0,,2,0,1,129.0,1,9538.0,2025-08-23,Ordered and Fulfilled
70664,2025-08-18,136.0,,1,0,0,,0,,,Customer Declined
70915,2025-08-18,,Dermatological,1,0,1,154.0,0,,,Alternative Accepted
70057,2025-08-19,102.0,,2,0,1,103.0,0,,,Customer Declined
71037,2025-08-19,104.0,,2,1,0,,0,,2025-08-19,Sold
70164,2025-08-20,103.0,,1,0,1,102.0,1,9402.0,2025-08-24,Ordered and Fulfilled
70740,2025-08-20,137.0,,2,0,1,135.0,1,9654.0,2025-08-24,Ordered and Fulfilled
71043,2025-08-20,105.0,,2,1,0,,0,,2025-08-20,Sold
70337,2025-08-21,120.0,,2,0,1,113.0,0,,,Alternative Accepted
70058,2025-08-22,,Antimalarial,1,0,1,101.0,1,9358.0,2025-08-27,Ordered and Fulfilled
70165,2025-08-22,103.0,,1,0,1,102.0,0,,,Alternative Accepted
70287,2025-08-22,115.0,,2,0,0,,0,,,Unavailable
70741,2025-08-22,137.0,,1,0,0,,0,,,Customer Declined
71209,2025-08-22,138.0,,1,1,0,,0,,2025-08-22,Sold
70338,2025-08-23,,Antibiotic,1,0,1,113.0,0,,,Alternative Accepted
71052,2025-08-23,106.0,,1,1,0,,0,,2025-08-23,Sold
70410,2025-08-24,121.0,,1,0,0,,0,,,Customer Declined
70500,2025-08-24,128.0,,2,0,1,132.0,0,,,Alternative Accepted
70985,2025-08-24,154.0,,2,0,1,155.0,1,9753.0,2025-08-26,Ordered and Fulfilled
71095,2025-08-24,149.0,,2,1,0,,0,,2025-08-24,Sold
71207,2025-08-24,130.0,,2,1,0,,0,,2025-08-24,Sold
70288,2025-08-25,115.0,,2,0,0,,1,9449.0,2025-08-28,Ordered and Fulfilled
70561,2025-08-25,,Cough & Cold,2,0,1,133.0,1,9572.0,2025-08-29,Ordered and Fulfilled
70665,2025-08-25,136.0,,2,0,0,,1,9622.0,2025-08-29,Ordered and Fulfilled
70742,2025-08-25,137.0,,2,0,1,141.0,0,,,Unavailable
70820,2025-08-25,144.0,,1,0,0,,0,,,Customer Declined
70289,2025-08-26,115.0,,2,0,1,117.0,0,,,Customer Declined
71054,2025-08-26,118.0,,2,1,0,,0,,2025-08-26,Sold
71162,2025-08-26,158.0,,2,1,0,,0,,2025-08-26,Sold
70059,2025-08-27,102.0,,2,0,0,,1,9359.0,2025-09-01,Ordered and Fulfilled
70215,2025-08-27,113.0,,2,0,1,114.0,0,,,Customer Declined
70593,2025-08-27,133.0,,2,0,1,127.0,1,9586.0,2025-08-29,Ordered and Fulfilled
70743,2025-08-27,137.0,,1,0,1,139.0,1,9655.0,2025-09-03,Ordered and Fulfilled
70986,2025-08-27,154.0,,2,0,1,152.0,0,,,Unavailable
71139,2025-08-27,114.0,,2,1,0,,0,,2025-08-27,Sold
70166,2025-08-28,103.0,,1,0,0,,0,,,Customer Declined
70666,2025-08-28,,Gastro/Antacid,2,0,0,,0,,,Customer Declined
70060,2025-08-29,102.0,,2,0,0,,0,,,Customer Declined
70411,2025-08-29,121.0,,1,0,1,125.0,1,9503.0,2025-09-03,Ordered and Fulfilled
70667,2025-08-29,,Gastro/Antacid,1,0,0,,0,,,Unavailable
70821,2025-08-29,144.0,,2,0,0,,0,,,Customer Declined
70061,2025-08-30,,Antimalarial,2,0,0,,0,,,Unavailable
70167,2025-08-30,103.0,,1,0,1,102.0,0,,,Alternative Accepted
70562,2025-08-30,132.0,,2,0,1,129.0,1,9573.0,2025-09-03,Ordered and Fulfilled
70668,2025-08-30,136.0,,1,0,1,138.0,1,9623.0,2025-09-08,Ordered and Fulfilled
70916,2025-08-30,153.0,,1,0,1,154.0,0,,,Customer Declined
71011,2025-08-30,162.0,,2,0,0,,0,,,Customer Declined
71024,2025-08-30,155.0,,2,1,0,,0,,2025-08-30,Sold
71270,2025-08-30,149.0,,2,1,0,,0,,2025-08-30,Sold
70216,2025-08-31,113.0,,2,0,0,,0,,,Unavailable
70501,2025-08-31,,Cough & Cold,1,0,1,129.0,1,9539.0,2025-09-05,Ordered and Fulfilled
70917,2025-08-31,153.0,,1,0,0,,0,,,Customer Declined
71122,2025-08-31,170.0,,1,1,0,,0,,2025-08-31,Sold
70339,2025-09-01,,Antibiotic,1,0,1,118.0,1,9472.0,2025-09-07,Ordered and Fulfilled
70594,2025-09-01,133.0,,1,0,0,,1,9587.0,2025-09-07,Ordered and Fulfilled
70669,2025-09-01,136.0,,2,0,0,,1,9624.0,2025-09-05,Ordered and Fulfilled
70822,2025-09-01,144.0,,2,0,1,147.0,0,,,Customer Declined
70853,2025-09-01,147.0,,2,0,1,148.0,0,,,Alternative Accepted
71183,2025-09-01,145.0,,1,1,0,,0,,2025-09-01,Sold
71186,2025-09-01,161.0,,1,1,0,,0,,2025-09-01,Sold
71273,2025-09-01,109.0,,1,1,0,,0,,2025-09-01,Sold
70168,2025-09-02,,Antimalarial,1,0,1,101.0,1,9403.0,2025-09-06,Ordered and Fulfilled
70823,2025-09-02,144.0,,1,0,1,148.0,0,,,Alternative Accepted
70918,2025-09-02,,Dermatological,1,0,1,155.0,0,,,Unavailable
71236,2025-09-02,170.0,,2,1,0,,0,,2025-09-02,Sold
70169,2025-09-03,103.0,,2,0,1,102.0,0,,,Alternative Accepted
70290,2025-09-03,115.0,,2,0,1,118.0,0,,,Alternative Accepted
70502,2025-09-03,128.0,,1,0,0,,0,,,Unavailable
70563,2025-09-03,132.0,,1,0,1,127.0,0,,,Customer Declined
70987,2025-09-03,,Dermatological,2,0,0,,1,9754.0,2025-09-05,Ordered and Fulfilled
71222,2025-09-03,168.0,,1,1,0,,0,,2025-09-03,Sold
71311,2025-09-03,139.0,,1,1,0,,0,,2025-09-03,Sold
70291,2025-09-04,115.0,,2,0,1,112.0,1,9450.0,2025-09-07,Ordered and Fulfilled
70670,2025-09-04,136.0,,2,0,0,,0,,,Customer Declined
71121,2025-09-04,104.0,,1,1,0,,0,,2025-09-04,Sold
70412,2025-09-05,121.0,,1,0,1,126.0,0,,,Unavailable
70503,2025-09-05,,Cough & Cold,1,0,1,134.0,1,9540.0,2025-09-10,Ordered and Fulfilled
70988,2025-09-05,154.0,,1,0,1,155.0,1,9755.0,2025-09-07,Ordered and Fulfilled
71038,2025-09-05,156.0,,2,1,0,,0,,2025-09-05,Sold
70062,2025-09-06,102.0,,2,0,0,,0,,,Unavailable
70564,2025-09-06,132.0,,2,0,0,,1,9574.0,2025-09-13,Ordered and Fulfilled
70824,2025-09-06,144.0,,2,0,1,145.0,1,9688.0,2025-09-11,Ordered and Fulfilled
70063,2025-09-07,,Antimalarial,1,0,1,103.0,0,,,Alternative Accepted
70170,2025-09-07,103.0,,2,0,0,,1,9404.0,2025-09-11,Ordered and Fulfilled
70671,2025-09-07,,Gastro/Antacid,1,0,0,,1,9625.0,2025-09-11,Ordered and Fulfilled
70825,2025-09-07,,Vitamins & Supplements,2,0,1,146.0,1,9689.0,2025-09-16,Ordered and Fulfilled
70854,2025-09-07,,Vitamins & Supplements,2,0,1,149.0,1,9698.0,2025-09-10,Ordered and Fulfilled
71042,2025-09-07,138.0,,1,1,0,,0,,2025-09-07,Sold
71105,2025-09-07,159.0,,1,1,0,,0,,2025-09-07,Sold
71152,2025-09-07,152.0,,1,1,0,,0,,2025-09-07,Sold
71214,2025-09-07,134.0,,2,1,0,,0,,2025-09-07,Sold
71136,2025-09-08,135.0,,2,1,0,,0,,2025-09-08,Sold
70171,2025-09-09,103.0,,2,0,1,101.0,0,,,Unavailable
70458,2025-09-09,124.0,,1,0,1,125.0,1,9523.0,2025-09-12,Ordered and Fulfilled
70672,2025-09-09,136.0,,1,0,1,140.0,1,9626.0,2025-09-13,Ordered and Fulfilled
70919,2025-09-09,153.0,,2,0,1,151.0,0,,,Alternative Accepted
71233,2025-09-09,163.0,,2,1,0,,0,,2025-09-09,Sold
70064,2025-09-10,102.0,,1,0,0,,0,,,Customer Declined
70340,2025-09-10,120.0,,2,0,1,114.0,0,,,Alternative Accepted
70673,2025-09-10,136.0,,2,0,1,141.0,0,,,Unavailable
70826,2025-09-10,144.0,,2,0,1,147.0,1,9690.0,2025-09-15,Ordered and Fulfilled
70989,2025-09-10,154.0,,2,0,0,,1,9756.0,2025-09-12,Ordered and Fulfilled
71223,2025-09-10,170.0,,1,1,0,,0,,2025-09-10,Sold
71286,2025-09-10,116.0,,1,1,0,,0,,2025-09-10,Sold
70172,2025-09-11,103.0,,2,0,1,102.0,0,,,Alternative Accepted
70341,2025-09-11,120.0,,1,0,1,117.0,0,,,Alternative Accepted
70674,2025-09-11,136.0,,1,0,0,,0,,,Unavailable
70827,2025-09-11,144.0,,2,0,0,,1,9691.0,2025-09-16,Ordered and Fulfilled
71141,2025-09-11,165.0,,2,1,0,,0,,2025-09-11,Sold
71202,2025-09-11,110.0,,1,1,0,,0,,2025-09-11,Sold
71232,2025-09-11,160.0,,2,1,0,,0,,2025-09-11,Sold
70173,2025-09-12,,Antimalarial,2,0,1,101.0,0,,,Alternative Accepted
70413,2025-09-12,121.0,,1,0,1,125.0,1,9504.0,2025-09-19,Ordered and Fulfilled
70920,2025-09-12,153.0,,2,0,1,151.0,0,,,Alternative Accepted
71012,2025-09-12,162.0,,1,0,1,163.0,1,9767.0,2025-09-15,Ordered and Fulfilled
70174,2025-09-13,103.0,,1,0,0,,1,9405.0,2025-09-17,Ordered and Fulfilled
70217,2025-09-13,113.0,,1,0,1,115.0,0,,,Customer Declined
70342,2025-09-13,,Antibiotic,2,0,0,,0,,,Customer Declined
70414,2025-09-13,,Antihistamine,2,0,0,,0,,,Customer Declined
70504,2025-09-13,128.0,,1,0,0,,1,9541.0,2025-09-18,Ordered and Fulfilled
71154,2025-09-13,152.0,,1,1,0,,0,,2025-09-13,Sold
70218,2025-09-14,113.0,,1,0,0,,1,9421.0,2025-09-17,Ordered and Fulfilled
70565,2025-09-14,132.0,,2,0,1,131.0,0,,,Alternative Accepted
70855,2025-09-14,,Vitamins & Supplements,2,0,0,,0,,,Unavailable
70921,2025-09-14,153.0,,2,0,1,155.0,1,9725.0,2025-09-17,Ordered and Fulfilled
70990,2025-09-14,,Dermatological,2,0,0,,1,9757.0,2025-09-16,Ordered and Fulfilled
71013,2025-09-14,162.0,,1,0,1,161.0,1,9768.0,2025-09-17,Ordered and Fulfilled
71108,2025-09-14,135.0,,2,1,0,,0,,2025-09-14,Sold
70292,2025-09-15,115.0,,2,0,0,,0,,,Unavailable
70566,2025-09-15,132.0,,1,0,1,131.0,0,,,Customer Declined
70675,2025-09-15,,Gastro/Antacid,1,0,1,141.0,1,9627.0,2025-09-19,Ordered and Fulfilled
70828,2025-09-15,144.0,,2,0,1,150.0,0,,,Customer Declined
71100,2025-09-15,112.0,,1,1,0,,0,,2025-09-15,Sold
70175,2025-09-16,103.0,,1,0,0,,1,9406.0,2025-09-20,Ordered and Fulfilled
70293,2025-09-16,115.0,,2,0,1,118.0,1,9451.0,2025-09-19,Ordered and Fulfilled
70744,2025-09-16,137.0,,1,0,1,140.0,1,9656.0,2025-09-20,Ordered and Fulfilled
70415,2025-09-17,121.0,,2,0,0,,1,9505.0,2025-09-27,Ordered and Fulfilled
70829,2025-09-17,144.0,,1,0,0,,1,9692.0,2025-09-22,Ordered and Fulfilled
70065,2025-09-18,,Antimalarial,2,0,0,,0,,,Customer Declined
70176,2025-09-18,103.0,,1,0,1,101.0,0,,,Alternative Accepted
70294,2025-09-18,115.0,,1,0,0,,1,9452.0,2025-09-21,Ordered and Fulfilled
70343,2025-09-18,120.0,,1,0,1,119.0,1,9473.0,2025-09-27,Ordered and Fulfilled
71159,2025-09-18,122.0,,2,1,0,,0,,2025-09-18,Sold
70066,2025-09-19,102.0,,2,0,0,,0,,,Customer Declined
70922,2025-09-19,153.0,,2,0,1,155.0,0,,,Customer Declined
71190,2025-09-19,118.0,,2,1,0,,0,,2025-09-19,Sold
70067,2025-09-20,102.0,,1,0,1,101.0,1,9360.0,2025-09-25,Ordered and Fulfilled
70177,2025-09-20,103.0,,2,0,1,102.0,0,,,Unavailable
70567,2025-09-20,132.0,,2,0,1,127.0,1,9575.0,2025-09-24,Ordered and Fulfilled
70745,2025-09-20,137.0,,1,0,1,135.0,1,9657.0,,Other
70991,2025-09-20,154.0,,2,0,1,151.0,0,,,Unavailable
70295,2025-09-21,115.0,,1,0,0,,1,9453.0,2025-09-24,Ordered and Fulfilled
70344,2025-09-21,120.0,,2,0,1,112.0,0,,,Customer Declined
70568,2025-09-21,132.0,,2,0,0,,0,,,Customer Declined
70746,2025-09-21,137.0,,2,0,1,139.0,0,,,Alternative Accepted
70830,2025-09-21,144.0,,2,0,1,147.0,1,9693.0,,Other
71055,2025-09-21,116.0,,2,1,0,,0,,2025-09-21,Sold
71208,2025-09-21,127.0,,2,1,0,,0,,2025-09-21,Sold
70595,2025-09-22,133.0,,1,0,1,132.0,1,9588.0,2025-09-24,Ordered and Fulfilled
70676,2025-09-22,136.0,,1,0,0,,1,9628.0,2025-09-26,Ordered and Fulfilled
71129,2025-09-22,143.0,,2,1,0,,0,,2025-09-22,Sold
70178,2025-09-23,103.0,,1,0,1,101.0,0,,,Customer Declined
70345,2025-09-23,120.0,,2,0,1,119.0,0,,,Alternative Accepted
71306,2025-09-23,167.0,,2,1,0,,0,,2025-09-23,Sold
70296,2025-09-24,115.0,,1,0,0,,1,9454.0,2025-09-27,Ordered and Fulfilled
70569,2025-09-24,132.0,,1,0,1,128.0,0,,,Unavailable
70596,2025-09-24,133.0,,2,0,1,134.0,1,9589.0,2025-09-29,Ordered and Fulfilled
70747,2025-09-24,137.0,,1,0,0,,1,9658.0,,Other
70992,2025-09-24,154.0,,2,0,1,152.0,1,9758.0,2025-09-26,Ordered and Fulfilled
71070,2025-09-24,165.0,,2,1,0,,0,,2025-09-24,Sold
70219,2025-09-25,,Antibiotic,2,0,1,118.0,0,,,Alternative Accepted
70993,2025-09-25,154.0,,2,0,1,151.0,0,,,Alternative Accepted
70068,2025-09-26,102.0,,2,0,1,101.0,1,9361.0,,Other
70297,2025-09-26,115.0,,2,0,1,118.0,1,9455.0,2025-09-29,Ordered and Fulfilled
70459,2025-09-26,124.0,,1,0,1,121.0,1,9524.0,,Other
70570,2025-09-26,132.0,,2,0,1,134.0,1,9576.0,2025-09-30,Ordered and Fulfilled
70597,2025-09-26,133.0,,2,0,0,,0,,,Customer Declined
70677,2025-09-26,136.0,,1,0,1,140.0,0,,,Unavailable
70923,2025-09-26,,Dermatological,2,0,1,152.0,1,9726.0,,Other
70069,2025-09-27,102.0,,2,0,1,101.0,0,,,Unavailable
70346,2025-09-27,120.0,,2,0,0,,1,9474.0,2025-09-30,Ordered and Fulfilled
71048,2025-09-27,116.0,,2,1,0,,0,,2025-09-27,Sold
71096,2025-09-27,106.0,,2,1,0,,0,,2025-09-27,Sold
71151,2025-09-27,170.0,,2,1,0,,0,,2025-09-27,Sold
70416,2025-09-28,121.0,,1,0,0,,0,,,Unavailable
70748,2025-09-28,137.0,,2,0,0,,0,,,Customer Declined
70831,2025-09-28,144.0,,2,0,0,,0,,,Customer Declined
70856,2025-09-28,147.0,,2,0,1,148.0,0,,,Customer Declined
71021,2025-09-28,134.0,,2,1,0,,0,,2025-09-28,Sold
70179,2025-09-29,103.0,,1,0,1,101.0,1,9407.0,,Other
70220,2025-09-29,,Antibiotic,2,0,0,,1,9422.0,,Other
70832,2025-09-29,144.0,,2,0,1,150.0,0,,,Customer Declined
70924,2025-09-29,,Dermatological,1,0,1,156.0,0,,,Unavailable
70180,2025-09-30,103.0,,2,0,1,102.0,1,9408.0,,Other
70298,2025-09-30,115.0,,1,0,1,118.0,0,,,Customer Declined
70571,2025-09-30,132.0,,2,0,1,133.0,0,,,Alternative Accepted
70678,2025-09-30,,Gastro/Antacid,2,0,1,137.0,0,,,Customer Declined
70833,2025-09-30,144.0,,1,0,1,150.0,1,9694.0,,Other
70925,2025-09-30,,Dermatological,2,0,1,155.0,0,,,Alternative Accepted
70994,2025-09-30,154.0,,1,0,0,,0,,,Unavailable
71135,2025-09-30,112.0,,1,1,0,,0,,2025-09-30,Sold
