Order_ID,Order_Date,Product_ID,Quantity_Ordered,Supplier_ID,Reason,Expected_Date,Received_Date,Quantity_Received
9699,2025-01-01,153,2,2,Customer Request,2025-01-04,2025-01-04,2.0
9590,2025-01-02,136,1,5,Customer Request,2025-01-06,2025-01-06,1.0
9663,2025-01-02,144,2,3,Customer Request,2025-01-07,2025-01-07,2.0
9695,2025-01-02,147,1,2,Customer Request,2025-01-05,2025-01-05,1.0
9727,2025-01-02,154,2,1,Customer Request,2025-01-04,2025-01-09,2.0
9456,2025-01-03,120,2,2,Customer Request,2025-01-06,2025-01-06,2.0
9591,2025-01-03,136,2,5,Customer Request,2025-01-07,2025-01-07,2.0
9664,2025-01-04,144,2,3,Customer Request,2025-01-09,2025-01-09,2.0
9330,2025-01-05,102,2,3,Customer Request,2025-01-10,2025-01-10,2.0
9665,2025-01-06,144,1,3,Customer Request,2025-01-11,2025-01-11,1.0
9666,2025-01-09,144,1,3,Customer Request,2025-01-14,2025-01-14,1.0
9728,2025-01-09,154,2,1,Customer Request,2025-01-11,2025-01-11,2.0
9525,2025-01-10,128,2,3,Customer Request,2025-01-15,2025-01-15,2.0
9331,2025-01-12,102,2,3,Customer Request,2025-01-17,2025-01-17,1.0
9700,2025-01-12,153,1,2,Customer Request,2025-01-15,2025-01-15,1.0
9332,2025-01-13,102,1,3,Customer Request,2025-01-18,2025-01-18,1.0
9542,2025-01-13,132,2,5,Customer Request,2025-01-17,2025-01-17,2.0
9592,2025-01-13,136,2,5,Customer Request,2025-01-17,2025-01-17,2.0
9729,2025-01-13,154,2,1,Customer Request,2025-01-15,2025-01-17,2.0
9362,2025-01-14,103,1,5,Customer Request,2025-01-18,2025-01-18,1.0
9543,2025-01-14,132,1,5,Customer Request,2025-01-18,2025-01-22,1.0
9506,2025-01-15,124,2,2,Customer Request,2025-01-18,2025-01-22,2.0
9577,2025-01-15,133,2,1,Customer Request,2025-01-17,2025-01-17,2.0
9526,2025-01-16,128,2,3,Customer Request,2025-01-21,2025-01-21,2.0
9333,2025-01-18,102,1,3,Customer Request,2025-01-23,2025-01-23,1.0
9423,2025-01-18,115,1,2,Customer Request,2025-01-21,2025-01-21,1.0
9667,2025-01-18,144,2,3,Customer Request,2025-01-23,2025-01-23,2.0
9730,2025-01-18,154,2,1,Customer Request,2025-01-20,2025-01-20,2.0
9475,2025-01-19,121,1,3,Customer Request,2025-01-24,2025-01-24,0.0
9701,2025-01-19,153,2,2,Customer Request,2025-01-22,,
9424,2025-01-20,115,1,2,Customer Request,2025-01-23,2025-01-23,1.0
9334,2025-01-21,102,1,3,Customer Request,2025-01-26,2025-01-26,1.0
9668,2025-01-21,144,1,3,Customer Request,2025-01-26,2025-01-26,1.0
9731,2025-01-21,154,2,1,Customer Request,2025-01-23,2025-01-23,1.0
9001,2025-01-22,168,24,1,Routine Replenishment,2025-01-24,2025-01-24,24.0
9544,2025-01-22,132,2,5,Customer Request,2025-01-26,2025-01-26,2.0
9363,2025-01-23,103,1,5,Customer Request,2025-01-27,2025-01-27,1.0
9732,2025-01-23,154,2,1,Customer Request,2025-01-25,2025-01-25,2.0
9002,2025-01-24,135,21,3,Routine Replenishment,2025-01-29,2025-01-29,21.0
9545,2025-01-24,132,2,5,Customer Request,2025-01-28,2025-01-28,2.0
9629,2025-01-24,137,1,5,Customer Request,2025-01-28,2025-01-28,1.0
9733,2025-01-24,154,2,1,Customer Request,2025-01-26,,
9578,2025-01-26,133,1,1,Customer Request,2025-01-28,2025-01-28,1.0
9696,2025-01-26,147,2,2,Customer Request,2025-01-29,2025-01-29,2.0
9003,2025-01-27,158,40,5,Routine Replenishment,2025-01-31,2025-01-31,40.0
9476,2025-01-27,121,2,3,Customer Request,2025-02-01,2025-02-01,2.0
9659,2025-01-27,140,2,3,Customer Request,2025-02-01,2025-02-01,2.0
9425,2025-01-28,115,1,2,Customer Request,2025-01-31,2025-01-31,1.0
9546,2025-01-28,132,1,5,Customer Request,2025-02-01,2025-02-01,1.0
9702,2025-01-28,153,2,2,Customer Request,2025-01-31,2025-02-06,2.0
9004,2025-01-29,159,42,5,Routine Replenishment,2025-02-02,2025-02-02,42.0
9457,2025-01-29,120,2,2,Customer Request,2025-02-01,2025-02-01,2.0
9005,2025-01-30,104,22,4,Routine Replenishment,2025-02-02,2025-02-02,22.0
9006,2025-01-30,118,43,2,Routine Replenishment,2025-02-02,,
9007,2025-01-30,119,41,2,Routine Replenishment,2025-02-02,2025-02-02,41.0
9008,2025-01-30,151,37,4,Routine Replenishment,2025-02-02,2025-02-02,37.0
9547,2025-01-30,132,1,5,Customer Request,2025-02-03,2025-02-03,1.0
9009,2025-01-31,118,44,2,Routine Replenishment,2025-02-03,2025-02-03,44.0
9010,2025-01-31,166,39,1,Routine Replenishment,2025-02-02,2025-02-02,31.0
9409,2025-02-01,113,1,2,Customer Request,2025-02-04,2025-02-04,1.0
9593,2025-02-02,136,2,5,Customer Request,2025-02-06,2025-02-06,2.0
9697,2025-02-02,147,1,2,Customer Request,2025-02-05,2025-02-05,1.0
9011,2025-02-03,143,43,4,Routine Replenishment,2025-02-06,2025-02-06,43.0
9012,2025-02-03,170,45,2,Routine Replenishment,2025-02-06,2025-02-06,45.0
9364,2025-02-03,103,1,5,Customer Request,2025-02-07,,
9013,2025-02-04,156,42,5,Routine Replenishment,2025-02-08,2025-02-08,42.0
9014,2025-02-04,167,40,5,Routine Replenishment,2025-02-08,2025-02-08,40.0
9335,2025-02-04,102,1,3,Customer Request,2025-02-09,2025-02-09,1.0
9365,2025-02-04,103,2,5,Customer Request,2025-02-08,2025-02-08,2.0
9477,2025-02-04,121,1,3,Customer Request,2025-02-09,2025-02-15,1.0
9703,2025-02-04,153,1,2,Customer Request,2025-02-07,,
9336,2025-02-05,102,2,3,Customer Request,2025-02-10,2025-02-10,2.0
9015,2025-02-06,106,44,1,Routine Replenishment,2025-02-08,2025-02-08,44.0
9016,2025-02-06,127,22,4,Routine Replenishment,2025-02-09,2025-02-09,22.0
9017,2025-02-06,142,46,1,Routine Replenishment,2025-02-08,2025-02-08,46.0
9579,2025-02-06,133,2,1,Customer Request,2025-02-08,2025-02-12,2.0
9018,2025-02-07,116,27,3,Routine Replenishment,2025-02-12,2025-02-12,27.0
9019,2025-02-07,131,49,2,Routine Replenishment,2025-02-10,2025-02-10,38.0
9507,2025-02-07,124,2,2,Customer Request,2025-02-10,2025-02-10,2.0
9020,2025-02-08,110,40,5,Routine Replenishment,2025-02-12,2025-02-12,40.0
9366,2025-02-08,103,1,5,Customer Request,2025-02-12,2025-02-12,1.0
9021,2025-02-09,112,48,3,Routine Replenishment,2025-02-14,2025-02-14,48.0
9548,2025-02-09,132,1,5,Customer Request,2025-02-13,2025-02-13,1.0
9022,2025-02-10,134,21,5,Routine Replenishment,2025-02-14,2025-02-14,18.0
9337,2025-02-10,102,1,3,Customer Request,2025-02-15,2025-02-20,1.0
9023,2025-02-11,101,21,1,Routine Replenishment,2025-02-13,2025-02-13,21.0
9024,2025-02-11,105,19,4,Routine Replenishment,2025-02-14,2025-02-20,19.0
9025,2025-02-11,117,20,5,Routine Replenishment,2025-02-15,2025-02-15,16.0
9026,2025-02-11,145,21,1,Routine Replenishment,2025-02-13,2025-02-21,18.0
9669,2025-02-11,144,2,3,Customer Request,2025-02-16,2025-02-16,2.0
9759,2025-02-11,162,2,4,Customer Request,2025-02-14,2025-02-14,2.0
9426,2025-02-12,115,1,2,Customer Request,2025-02-15,2025-02-15,1.0
9734,2025-02-12,154,1,1,Customer Request,2025-02-14,2025-02-14,1.0
9027,2025-02-14,123,27,2,Routine Replenishment,2025-02-17,2025-02-17,25.0
9028,2025-02-14,152,19,1,Routine Replenishment,2025-02-16,2025-02-16,19.0
9029,2025-02-14,161,24,4,Routine Replenishment,2025-02-17,2025-02-17,24.0
9458,2025-02-14,120,2,2,Customer Request,2025-02-17,,
9030,2025-02-15,114,10,4,Routine Replenishment,2025-02-18,2025-02-18,10.0
9031,2025-02-15,164,20,3,Routine Replenishment,2025-02-20,2025-02-20,20.0
9478,2025-02-15,121,2,3,Customer Request,2025-02-20,2025-02-20,2.0
9549,2025-02-15,132,2,5,Customer Request,2025-02-19,2025-02-19,1.0
9032,2025-02-16,129,11,3,Routine Replenishment,2025-02-21,2025-02-21,11.0
9033,2025-02-16,149,19,1,Routine Replenishment,2025-02-18,2025-02-18,19.0
9367,2025-02-16,103,2,5,Customer Request,2025-02-20,2025-02-20,2.0
9670,2025-02-16,144,1,3,Customer Request,2025-02-21,2025-02-21,1.0
9034,2025-02-17,139,21,3,Routine Replenishment,2025-02-22,2025-02-26,21.0
9508,2025-02-17,124,2,2,Customer Request,2025-02-20,2025-02-20,2.0
9630,2025-02-17,137,2,5,Customer Request,2025-02-21,2025-02-21,2.0
9671,2025-02-17,144,1,3,Customer Request,2025-02-22,2025-02-22,1.0
9035,2025-02-19,155,9,3,Routine Replenishment,2025-02-24,2025-02-24,9.0
9368,2025-02-19,103,2,5,Customer Request,2025-02-23,2025-02-26,2.0
9509,2025-02-19,124,2,2,Customer Request,2025-02-22,2025-02-22,2.0
9594,2025-02-19,136,2,5,Customer Request,2025-02-23,2025-02-25,2.0
9735,2025-02-19,154,2,1,Customer Request,2025-02-21,2025-02-26,2.0
9338,2025-02-20,102,2,3,Customer Request,2025-02-25,2025-02-25,2.0
9479,2025-02-20,121,1,3,Customer Request,2025-02-25,2025-02-25,1.0
9036,2025-02-21,141,24,4,Routine Replenishment,2025-02-24,2025-03-04,22.0
9037,2025-02-21,157,22,4,Routine Replenishment,2025-02-24,2025-02-24,22.0
9369,2025-02-21,103,1,5,Customer Request,2025-02-25,2025-02-25,1.0
9631,2025-02-21,137,1,5,Customer Request,2025-02-25,2025-02-25,1.0
9736,2025-02-22,154,2,1,Customer Request,2025-02-24,2025-02-24,2.0
9038,2025-02-23,160,24,1,Routine Replenishment,2025-02-25,2025-02-25,18.0
9595,2025-02-23,136,2,5,Customer Request,2025-02-27,2025-02-27,2.0
9704,2025-02-23,153,2,2,Customer Request,2025-02-26,2025-02-26,2.0
9039,2025-02-24,138,19,4,Routine Replenishment,2025-02-27,2025-03-03,19.0
9040,2025-02-24,168,24,1,Routine Replenishment,2025-02-26,2025-02-26,24.0
9480,2025-02-24,121,2,3,Customer Request,2025-03-01,2025-03-01,2.0
9041,2025-02-25,151,37,4,Routine Replenishment,2025-02-28,2025-02-28,37.0
9339,2025-02-25,102,2,3,Customer Request,2025-03-02,2025-03-02,2.0
9410,2025-02-25,113,2,2,Customer Request,2025-02-28,2025-02-28,2.0
9481,2025-02-25,121,1,3,Customer Request,2025-03-02,2025-03-02,1.0
9042,2025-02-28,126,10,1,Routine Replenishment,2025-03-02,2025-03-02,10.0
9043,2025-02-28,166,40,1,Routine Replenishment,2025-03-02,2025-03-02,40.0
9044,2025-03-01,118,43,2,Routine Replenishment,2025-03-04,2025-03-04,43.0
9045,2025-03-01,159,41,5,Routine Replenishment,2025-03-05,2025-03-05,41.0
9482,2025-03-01,121,1,3,Customer Request,2025-03-06,2025-03-06,1.0
9046,2025-03-02,170,45,2,Routine Replenishment,2025-03-05,2025-03-05,45.0
9632,2025-03-02,137,1,5,Customer Request,2025-03-06,2025-03-06,0.0
9047,2025-03-03,156,44,5,Routine Replenishment,2025-03-07,2025-03-07,44.0
9048,2025-03-03,165,14,5,Routine Replenishment,2025-03-07,2025-03-14,14.0
9370,2025-03-03,103,1,5,Customer Request,2025-03-07,2025-03-07,0.0
9411,2025-03-03,113,1,2,Customer Request,2025-03-06,2025-03-06,1.0
9427,2025-03-03,115,1,2,Customer Request,2025-03-06,2025-03-10,1.0
9737,2025-03-03,154,2,1,Customer Request,2025-03-05,2025-03-05,2.0
9760,2025-03-03,162,2,4,Customer Request,2025-03-06,2025-03-06,2.0
9049,2025-03-04,119,44,2,Routine Replenishment,2025-03-07,2025-03-07,44.0
9050,2025-03-04,167,40,5,Routine Replenishment,2025-03-08,2025-03-08,40.0
9371,2025-03-04,103,2,5,Customer Request,2025-03-08,2025-03-08,2.0
9510,2025-03-04,124,1,2,Customer Request,2025-03-07,2025-03-07,1.0
9051,2025-03-05,104,22,4,Routine Replenishment,2025-03-08,2025-03-08,22.0
9052,2025-03-05,109,22,3,Routine Replenishment,2025-03-10,2025-03-10,22.0
9053,2025-03-05,117,20,5,Routine Replenishment,2025-03-09,2025-03-16,20.0
9054,2025-03-05,150,10,4,Routine Replenishment,2025-03-08,2025-03-08,10.0
9761,2025-03-05,162,1,4,Customer Request,2025-03-08,2025-03-08,1.0
9055,2025-03-06,135,21,3,Routine Replenishment,2025-03-11,2025-03-11,21.0
9056,2025-03-06,142,47,1,Routine Replenishment,2025-03-08,2025-03-08,47.0
9596,2025-03-06,136,1,5,Customer Request,2025-03-10,2025-03-10,1.0
9633,2025-03-06,137,1,5,Customer Request,2025-03-10,2025-03-10,1.0
9762,2025-03-06,162,2,4,Customer Request,2025-03-09,2025-03-09,2.0
9057,2025-03-07,123,24,2,Routine Replenishment,2025-03-10,2025-03-10,24.0
9058,2025-03-07,134,20,5,Routine Replenishment,2025-03-11,2025-03-19,20.0
9511,2025-03-07,124,1,2,Customer Request,2025-03-10,2025-03-10,1.0
9059,2025-03-08,110,39,5,Routine Replenishment,2025-03-12,,
9060,2025-03-08,146,12,3,Routine Replenishment,2025-03-13,2025-03-18,8.0
9483,2025-03-08,121,2,3,Customer Request,2025-03-13,2025-03-13,2.0
9061,2025-03-09,110,39,5,Routine Replenishment,2025-03-13,2025-03-16,39.0
9062,2025-03-09,158,40,5,Routine Replenishment,2025-03-13,2025-03-20,40.0
9063,2025-03-10,106,41,1,Routine Replenishment,2025-03-12,2025-03-12,37.0
9064,2025-03-11,155,9,3,Routine Replenishment,2025-03-16,2025-03-16,9.0
9372,2025-03-11,103,1,5,Customer Request,2025-03-15,2025-03-15,1.0
9459,2025-03-11,120,2,2,Customer Request,2025-03-14,2025-03-14,2.0
9550,2025-03-11,132,1,5,Customer Request,2025-03-15,,
9672,2025-03-11,144,2,3,Customer Request,2025-03-16,2025-03-16,2.0
9065,2025-03-12,145,21,1,Routine Replenishment,2025-03-14,2025-03-14,21.0
9580,2025-03-12,133,2,1,Customer Request,2025-03-14,,
9738,2025-03-12,154,1,1,Customer Request,2025-03-14,2025-03-14,0.0
9066,2025-03-13,105,18,4,Routine Replenishment,2025-03-16,2025-03-16,18.0
9067,2025-03-13,125,10,4,Routine Replenishment,2025-03-16,2025-03-16,10.0
9068,2025-03-13,127,21,4,Routine Replenishment,2025-03-16,2025-03-16,21.0
9373,2025-03-13,103,1,5,Customer Request,2025-03-17,2025-03-17,1.0
9412,2025-03-13,113,1,2,Customer Request,2025-03-16,2025-03-16,1.0
9428,2025-03-13,115,1,2,Customer Request,2025-03-16,2025-03-16,1.0
9551,2025-03-13,132,1,5,Customer Request,2025-03-17,,
9484,2025-03-14,121,1,3,Customer Request,2025-03-19,2025-03-19,1.0
9069,2025-03-15,141,24,4,Routine Replenishment,2025-03-18,2025-03-18,24.0
9070,2025-03-16,116,24,3,Routine Replenishment,2025-03-21,2025-03-21,24.0
9071,2025-03-16,131,48,2,Routine Replenishment,2025-03-19,2025-03-19,48.0
9072,2025-03-16,143,43,4,Routine Replenishment,2025-03-19,2025-03-19,43.0
9634,2025-03-16,137,2,5,Customer Request,2025-03-20,2025-03-20,2.0
9705,2025-03-16,153,2,2,Customer Request,2025-03-19,2025-03-19,2.0
9073,2025-03-17,130,12,5,Routine Replenishment,2025-03-21,2025-03-21,12.0
9485,2025-03-17,121,1,3,Customer Request,2025-03-22,2025-03-22,1.0
9074,2025-03-18,161,23,4,Routine Replenishment,2025-03-21,2025-03-21,23.0
9486,2025-03-18,121,1,3,Customer Request,2025-03-23,,
9512,2025-03-18,124,2,2,Customer Request,2025-03-21,2025-03-21,2.0
9340,2025-03-19,102,2,3,Customer Request,2025-03-24,2025-03-24,2.0
9374,2025-03-19,103,2,5,Customer Request,2025-03-23,2025-03-23,2.0
9597,2025-03-19,136,2,5,Customer Request,2025-03-23,2025-03-23,1.0
9706,2025-03-19,153,2,2,Customer Request,2025-03-22,2025-03-22,2.0
9075,2025-03-20,169,11,5,Routine Replenishment,2025-03-24,2025-03-24,11.0
9487,2025-03-20,121,2,3,Customer Request,2025-03-25,2025-03-25,2.0
9673,2025-03-20,144,1,3,Customer Request,2025-03-25,,
9460,2025-03-21,120,2,2,Customer Request,2025-03-24,2025-03-24,2.0
9076,2025-03-22,101,21,1,Routine Replenishment,2025-03-24,2025-03-24,19.0
9077,2025-03-22,112,48,3,Routine Replenishment,2025-03-27,2025-03-27,48.0
9078,2025-03-22,139,21,3,Routine Replenishment,2025-03-27,2025-03-27,21.0
9079,2025-03-22,151,37,4,Routine Replenishment,2025-03-25,2025-03-25,37.0
9429,2025-03-22,115,1,2,Customer Request,2025-03-25,2025-03-25,1.0
9598,2025-03-22,136,2,5,Customer Request,2025-03-26,2025-03-26,2.0
9080,2025-03-23,108,12,3,Routine Replenishment,2025-03-28,2025-03-28,12.0
9488,2025-03-23,121,2,3,Customer Request,2025-03-28,2025-03-28,2.0
9081,2025-03-24,149,19,1,Routine Replenishment,2025-03-26,2025-03-26,19.0
9082,2025-03-25,160,24,1,Routine Replenishment,2025-03-27,2025-03-27,24.0
9375,2025-03-25,103,2,5,Customer Request,2025-03-29,2025-03-29,2.0
9083,2025-03-26,157,22,4,Routine Replenishment,2025-03-29,2025-04-01,22.0
9599,2025-03-26,136,1,5,Customer Request,2025-03-30,2025-03-30,1.0
9674,2025-03-26,144,2,3,Customer Request,2025-03-31,2025-03-31,2.0
9084,2025-03-27,122,10,5,Routine Replenishment,2025-03-31,2025-03-31,10.0
9430,2025-03-27,115,1,2,Customer Request,2025-03-30,2025-03-30,0.0
9600,2025-03-28,136,1,5,Customer Request,2025-04-01,2025-04-01,1.0
9635,2025-03-28,137,2,5,Customer Request,2025-04-01,2025-04-01,1.0
9085,2025-03-29,152,19,1,Routine Replenishment,2025-03-31,2025-03-31,19.0
9341,2025-03-29,102,2,3,Customer Request,2025-04-03,2025-04-03,2.0
9376,2025-03-29,103,2,5,Customer Request,2025-04-02,2025-04-02,2.0
9636,2025-03-29,137,1,5,Customer Request,2025-04-02,,
9086,2025-03-30,118,43,2,Routine Replenishment,2025-04-02,2025-04-06,43.0
9087,2025-03-31,146,13,3,Routine Replenishment,2025-04-05,,
9431,2025-03-31,115,1,2,Customer Request,2025-04-03,2025-04-03,1.0
9637,2025-03-31,137,2,5,Customer Request,2025-04-04,2025-04-04,2.0
9088,2025-04-01,146,13,3,Routine Replenishment,2025-04-06,2025-04-06,13.0
9461,2025-04-01,120,1,2,Customer Request,2025-04-04,2025-04-04,1.0
9527,2025-04-01,128,1,3,Customer Request,2025-04-06,2025-04-06,0.0
9089,2025-04-02,166,39,1,Routine Replenishment,2025-04-04,2025-04-04,39.0
9413,2025-04-02,113,1,2,Customer Request,2025-04-05,2025-04-05,1.0
9432,2025-04-02,115,2,2,Customer Request,2025-04-05,2025-04-05,2.0
9090,2025-04-03,105,18,4,Routine Replenishment,2025-04-06,2025-04-06,16.0
9091,2025-04-03,163,12,1,Routine Replenishment,2025-04-05,2025-04-05,9.0
9675,2025-04-03,144,2,3,Customer Request,2025-04-08,2025-04-08,2.0
9092,2025-04-04,156,42,5,Routine Replenishment,2025-04-08,,
9093,2025-04-04,159,42,5,Routine Replenishment,2025-04-08,,
9433,2025-04-04,115,1,2,Customer Request,2025-04-07,2025-04-07,1.0
9638,2025-04-04,137,2,5,Customer Request,2025-04-08,2025-04-11,2.0
9094,2025-04-05,110,40,5,Routine Replenishment,2025-04-09,2025-04-09,40.0
9095,2025-04-05,138,19,4,Routine Replenishment,2025-04-08,2025-04-08,19.0
9096,2025-04-05,156,43,5,Routine Replenishment,2025-04-09,2025-04-09,43.0
9097,2025-04-05,159,43,5,Routine Replenishment,2025-04-09,2025-04-09,43.0
9489,2025-04-05,121,2,3,Customer Request,2025-04-10,2025-04-10,2.0
9639,2025-04-05,137,2,5,Customer Request,2025-04-09,2025-04-09,2.0
9098,2025-04-06,155,9,3,Routine Replenishment,2025-04-11,2025-04-11,9.0
9099,2025-04-07,119,41,2,Routine Replenishment,2025-04-10,2025-04-10,41.0
9100,2025-04-07,158,40,5,Routine Replenishment,2025-04-11,2025-04-11,40.0
9490,2025-04-07,121,1,3,Customer Request,2025-04-12,2025-04-16,1.0
9707,2025-04-07,153,2,2,Customer Request,2025-04-10,2025-04-10,2.0
9101,2025-04-08,148,10,4,Routine Replenishment,2025-04-11,2025-04-11,10.0
9102,2025-04-08,167,40,5,Routine Replenishment,2025-04-12,2025-04-12,40.0
9601,2025-04-08,136,2,5,Customer Request,2025-04-12,2025-04-12,2.0
9602,2025-04-09,136,1,5,Customer Request,2025-04-13,2025-04-13,1.0
9103,2025-04-10,109,22,3,Routine Replenishment,2025-04-15,2025-04-15,22.0
9676,2025-04-10,144,2,3,Customer Request,2025-04-15,2025-04-15,2.0
9104,2025-04-11,126,10,1,Routine Replenishment,2025-04-13,2025-04-13,10.0
9105,2025-04-11,170,45,2,Routine Replenishment,2025-04-14,2025-04-14,45.0
9603,2025-04-11,136,2,5,Customer Request,2025-04-15,2025-04-15,2.0
9106,2025-04-12,104,23,4,Routine Replenishment,2025-04-15,2025-04-15,23.0
9604,2025-04-12,136,2,5,Customer Request,2025-04-16,2025-04-16,1.0
9708,2025-04-12,153,2,2,Customer Request,2025-04-15,,
9739,2025-04-12,154,2,1,Customer Request,2025-04-14,2025-04-14,2.0
9107,2025-04-13,106,42,1,Routine Replenishment,2025-04-15,2025-04-15,42.0
9108,2025-04-13,117,20,5,Routine Replenishment,2025-04-17,2025-04-17,20.0
9109,2025-04-13,123,24,2,Routine Replenishment,2025-04-16,2025-04-24,17.0
9110,2025-04-13,135,22,3,Routine Replenishment,2025-04-18,2025-04-18,22.0
9111,2025-04-13,168,24,1,Routine Replenishment,2025-04-15,2025-04-15,24.0
9513,2025-04-13,124,1,2,Customer Request,2025-04-16,2025-04-16,0.0
9112,2025-04-15,142,46,1,Routine Replenishment,2025-04-17,2025-04-17,46.0
9377,2025-04-15,103,2,5,Customer Request,2025-04-19,2025-04-19,2.0
9342,2025-04-16,102,1,3,Customer Request,2025-04-21,2025-04-21,1.0
9378,2025-04-16,103,2,5,Customer Request,2025-04-20,2025-04-20,2.0
9514,2025-04-16,124,2,2,Customer Request,2025-04-19,2025-04-19,2.0
9343,2025-04-17,102,1,3,Customer Request,2025-04-22,2025-04-22,1.0
9379,2025-04-17,103,2,5,Customer Request,2025-04-21,2025-04-27,2.0
9581,2025-04-17,133,1,1,Customer Request,2025-04-19,2025-04-19,1.0
9113,2025-04-18,127,21,4,Routine Replenishment,2025-04-21,2025-04-25,21.0
9114,2025-04-18,134,20,5,Routine Replenishment,2025-04-22,2025-04-22,20.0
9115,2025-04-18,149,19,1,Routine Replenishment,2025-04-20,2025-04-20,19.0
9116,2025-04-18,164,20,3,Routine Replenishment,2025-04-23,2025-04-23,20.0
9709,2025-04-18,153,1,2,Customer Request,2025-04-21,2025-04-21,1.0
9740,2025-04-18,154,1,1,Customer Request,2025-04-20,2025-04-20,1.0
9344,2025-04-19,102,1,3,Customer Request,2025-04-24,2025-04-24,1.0
9462,2025-04-19,120,1,2,Customer Request,2025-04-22,,
9640,2025-04-19,137,2,5,Customer Request,2025-04-23,2025-04-23,2.0
9605,2025-04-20,136,2,5,Customer Request,2025-04-24,2025-04-24,2.0
9117,2025-04-21,139,21,3,Routine Replenishment,2025-04-26,2025-04-26,21.0
9118,2025-04-21,145,21,1,Routine Replenishment,2025-04-23,2025-04-23,21.0
9119,2025-04-21,151,37,4,Routine Replenishment,2025-04-24,,
9491,2025-04-21,121,1,3,Customer Request,2025-04-26,2025-04-26,1.0
9606,2025-04-21,136,2,5,Customer Request,2025-04-25,2025-04-25,2.0
9120,2025-04-22,101,23,1,Routine Replenishment,2025-04-24,2025-04-24,23.0
9121,2025-04-22,143,45,4,Routine Replenishment,2025-04-25,2025-04-25,45.0
9122,2025-04-22,151,39,4,Routine Replenishment,2025-04-25,2025-04-25,39.0
9515,2025-04-22,124,1,2,Customer Request,2025-04-25,2025-04-25,0.0
9380,2025-04-23,103,1,5,Customer Request,2025-04-27,2025-04-27,1.0
9607,2025-04-23,136,2,5,Customer Request,2025-04-27,2025-04-27,1.0
9123,2025-04-25,165,12,5,Routine Replenishment,2025-04-29,2025-04-29,12.0
9528,2025-04-25,128,1,3,Customer Request,2025-04-30,2025-04-30,0.0
9124,2025-04-26,141,25,4,Routine Replenishment,2025-04-29,2025-04-29,25.0
9552,2025-04-26,132,1,5,Customer Request,2025-04-30,2025-04-30,1.0
9608,2025-04-26,136,1,5,Customer Request,2025-04-30,2025-04-30,1.0
9710,2025-04-26,153,2,2,Customer Request,2025-04-29,2025-04-29,2.0
9529,2025-04-27,128,2,3,Customer Request,2025-05-02,2025-05-02,2.0
9677,2025-04-27,144,2,3,Customer Request,2025-05-02,2025-05-02,2.0
9711,2025-04-27,153,1,2,Customer Request,2025-04-30,,
9125,2025-04-28,112,47,3,Routine Replenishment,2025-05-03,2025-05-03,47.0
9463,2025-04-28,120,1,2,Customer Request,2025-05-01,2025-05-01,1.0
9126,2025-04-29,152,19,1,Routine Replenishment,2025-05-01,2025-05-01,19.0
9381,2025-04-29,103,1,5,Customer Request,2025-05-03,2025-05-07,1.0
9127,2025-04-30,125,10,4,Routine Replenishment,2025-05-03,2025-05-03,10.0
9434,2025-04-30,115,2,2,Customer Request,2025-05-03,2025-05-03,2.0
9128,2025-05-01,150,10,4,Routine Replenishment,2025-05-04,,
9435,2025-05-01,115,2,2,Customer Request,2025-05-04,2025-05-04,2.0
9464,2025-05-01,120,2,2,Customer Request,2025-05-04,2025-05-04,2.0
9129,2025-05-02,126,10,1,Routine Replenishment,2025-05-04,2025-05-04,10.0
9130,2025-05-02,131,50,2,Routine Replenishment,2025-05-05,2025-05-11,50.0
9131,2025-05-02,150,10,4,Routine Replenishment,2025-05-05,2025-05-05,10.0
9132,2025-05-02,166,39,1,Routine Replenishment,2025-05-04,2025-05-04,29.0
9382,2025-05-03,103,1,5,Customer Request,2025-05-07,2025-05-07,1.0
9741,2025-05-03,154,2,1,Customer Request,2025-05-05,2025-05-05,2.0
9133,2025-05-04,129,11,3,Routine Replenishment,2025-05-09,2025-05-14,11.0
9134,2025-05-05,167,43,5,Routine Replenishment,2025-05-09,2025-05-09,43.0
9414,2025-05-05,113,2,2,Customer Request,2025-05-08,2025-05-08,2.0
9135,2025-05-07,118,44,2,Routine Replenishment,2025-05-10,2025-05-10,44.0
9136,2025-05-07,155,9,3,Routine Replenishment,2025-05-12,2025-05-12,9.0
9137,2025-05-07,158,40,5,Routine Replenishment,2025-05-11,2025-05-11,40.0
9138,2025-05-07,161,24,4,Routine Replenishment,2025-05-10,2025-05-10,24.0
9383,2025-05-07,103,2,5,Customer Request,2025-05-11,2025-05-11,2.0
9492,2025-05-07,121,2,3,Customer Request,2025-05-12,,
9139,2025-05-08,105,18,4,Routine Replenishment,2025-05-11,2025-05-11,18.0
9140,2025-05-08,119,41,2,Routine Replenishment,2025-05-11,2025-05-11,41.0
9141,2025-05-08,156,42,5,Routine Replenishment,2025-05-12,2025-05-12,42.0
9142,2025-05-08,159,41,5,Routine Replenishment,2025-05-12,2025-05-12,41.0
9609,2025-05-08,136,1,5,Customer Request,2025-05-12,2025-05-12,1.0
9678,2025-05-08,144,2,3,Customer Request,2025-05-13,2025-05-13,2.0
9712,2025-05-08,153,1,2,Customer Request,2025-05-11,2025-05-11,0.0
9742,2025-05-08,154,1,1,Customer Request,2025-05-10,2025-05-10,1.0
9679,2025-05-09,144,2,3,Customer Request,2025-05-14,2025-05-14,2.0
9143,2025-05-10,116,24,3,Routine Replenishment,2025-05-15,2025-05-15,18.0
9144,2025-05-11,110,39,5,Routine Replenishment,2025-05-15,2025-05-15,39.0
9145,2025-05-11,170,49,2,Routine Replenishment,2025-05-14,2025-05-14,49.0
9436,2025-05-11,115,1,2,Customer Request,2025-05-14,2025-05-14,1.0
9641,2025-05-11,137,2,5,Customer Request,2025-05-15,2025-05-17,2.0
9680,2025-05-11,144,2,3,Customer Request,2025-05-16,2025-05-16,2.0
9345,2025-05-12,102,1,3,Customer Request,2025-05-17,2025-05-17,1.0
9384,2025-05-12,103,1,5,Customer Request,2025-05-16,2025-05-20,1.0
9146,2025-05-13,157,22,4,Routine Replenishment,2025-05-16,2025-05-16,22.0
9610,2025-05-13,136,2,5,Customer Request,2025-05-17,2025-05-22,2.0
9743,2025-05-13,154,1,1,Customer Request,2025-05-15,2025-05-20,1.0
9147,2025-05-14,106,41,1,Routine Replenishment,2025-05-16,,
9493,2025-05-14,121,1,3,Customer Request,2025-05-19,2025-05-25,1.0
9681,2025-05-14,144,1,3,Customer Request,2025-05-19,2025-05-19,1.0
9148,2025-05-15,106,42,1,Routine Replenishment,2025-05-17,2025-05-24,42.0
9149,2025-05-15,138,20,4,Routine Replenishment,2025-05-18,2025-05-18,20.0
9150,2025-05-15,143,43,4,Routine Replenishment,2025-05-18,2025-05-26,43.0
9151,2025-05-15,168,24,1,Routine Replenishment,2025-05-17,2025-05-17,24.0
9152,2025-05-16,101,21,1,Routine Replenishment,2025-05-18,2025-05-18,21.0
9153,2025-05-16,122,10,5,Routine Replenishment,2025-05-20,2025-05-20,10.0
9154,2025-05-16,164,20,3,Routine Replenishment,2025-05-21,2025-05-21,20.0
9611,2025-05-16,136,1,5,Customer Request,2025-05-20,2025-05-20,1.0
9155,2025-05-17,104,22,4,Routine Replenishment,2025-05-20,2025-05-20,22.0
9346,2025-05-17,102,2,3,Customer Request,2025-05-22,2025-05-22,2.0
9744,2025-05-17,154,1,1,Customer Request,2025-05-19,2025-05-19,1.0
9347,2025-05-18,102,2,3,Customer Request,2025-05-23,2025-05-28,2.0
9385,2025-05-18,103,2,5,Customer Request,2025-05-22,2025-05-22,2.0
9612,2025-05-18,136,1,5,Customer Request,2025-05-22,2025-05-27,1.0
9348,2025-05-19,102,2,3,Customer Request,2025-05-24,2025-05-27,2.0
9465,2025-05-19,120,1,2,Customer Request,2025-05-22,2025-05-22,1.0
9156,2025-05-20,135,21,3,Routine Replenishment,2025-05-25,2025-05-25,21.0
9642,2025-05-20,137,2,5,Customer Request,2025-05-24,2025-05-24,2.0
9157,2025-05-21,142,45,1,Routine Replenishment,2025-05-23,2025-05-28,45.0
9158,2025-05-21,151,38,4,Routine Replenishment,2025-05-24,2025-05-24,38.0
9159,2025-05-21,169,11,5,Routine Replenishment,2025-05-25,2025-05-25,11.0
9494,2025-05-21,121,2,3,Customer Request,2025-05-26,2025-05-26,2.0
9530,2025-05-21,128,1,3,Customer Request,2025-05-26,2025-05-26,1.0
9160,2025-05-22,139,21,3,Routine Replenishment,2025-05-27,2025-05-27,21.0
9161,2025-05-22,160,25,1,Routine Replenishment,2025-05-24,2025-05-31,25.0
9162,2025-05-22,166,39,1,Routine Replenishment,2025-05-24,2025-05-24,39.0
9437,2025-05-22,115,2,2,Customer Request,2025-05-25,2025-05-25,2.0
9163,2025-05-23,163,11,1,Routine Replenishment,2025-05-25,2025-05-25,11.0
9438,2025-05-23,115,1,2,Customer Request,2025-05-26,2025-05-30,1.0
9495,2025-05-23,121,2,3,Customer Request,2025-05-28,,
9466,2025-05-24,120,1,2,Customer Request,2025-05-27,2025-05-27,1.0
9553,2025-05-24,132,1,5,Customer Request,2025-05-28,2025-05-28,1.0
9349,2025-05-25,102,2,3,Customer Request,2025-05-30,2025-06-03,1.0
9516,2025-05-25,124,1,2,Customer Request,2025-05-28,2025-05-28,1.0
9164,2025-05-26,117,20,5,Routine Replenishment,2025-05-30,2025-05-30,20.0
9165,2025-05-26,149,21,1,Routine Replenishment,2025-05-28,2025-05-28,21.0
9386,2025-05-26,103,2,5,Customer Request,2025-05-30,2025-05-30,2.0
9531,2025-05-26,128,2,3,Customer Request,2025-05-31,2025-05-31,2.0
9554,2025-05-26,132,1,5,Customer Request,2025-05-30,2025-05-30,1.0
9763,2025-05-26,162,1,4,Customer Request,2025-05-29,2025-05-29,0.0
9166,2025-05-27,130,12,5,Routine Replenishment,2025-05-31,2025-05-31,12.0
9713,2025-05-27,153,2,2,Customer Request,2025-05-30,2025-05-30,2.0
9387,2025-05-28,103,2,5,Customer Request,2025-06-01,2025-06-01,2.0
9167,2025-05-29,109,22,3,Routine Replenishment,2025-06-03,2025-06-03,22.0
9168,2025-05-29,152,19,1,Routine Replenishment,2025-05-31,2025-05-31,19.0
9169,2025-05-30,114,10,4,Routine Replenishment,2025-06-02,2025-06-02,10.0
9170,2025-05-30,127,20,4,Routine Replenishment,2025-06-02,2025-06-02,20.0
9171,2025-05-30,134,20,5,Routine Replenishment,2025-06-03,2025-06-03,20.0
9388,2025-05-30,103,2,5,Customer Request,2025-06-03,2025-06-06,1.0
9467,2025-05-30,120,2,2,Customer Request,2025-06-02,2025-06-02,2.0
9745,2025-05-30,154,1,1,Customer Request,2025-06-01,2025-06-03,1.0
9172,2025-06-01,146,12,3,Routine Replenishment,2025-06-06,2025-06-06,12.0
9173,2025-06-01,167,40,5,Routine Replenishment,2025-06-05,2025-06-05,40.0
9555,2025-06-01,132,2,5,Customer Request,2025-06-05,2025-06-07,2.0
9174,2025-06-02,131,48,2,Routine Replenishment,2025-06-05,2025-06-05,48.0
9613,2025-06-02,136,2,5,Customer Request,2025-06-06,2025-06-06,2.0
9660,2025-06-02,140,1,3,Customer Request,2025-06-07,2025-06-07,0.0
9175,2025-06-03,110,40,5,Routine Replenishment,2025-06-07,2025-06-07,40.0
9439,2025-06-03,115,1,2,Customer Request,2025-06-06,2025-06-06,1.0
9682,2025-06-03,144,1,3,Customer Request,2025-06-08,2025-06-08,1.0
9176,2025-06-04,101,21,1,Routine Replenishment,2025-06-06,2025-06-06,21.0
9496,2025-06-04,121,2,3,Customer Request,2025-06-09,2025-06-09,2.0
9643,2025-06-04,137,2,5,Customer Request,2025-06-08,2025-06-08,2.0
9415,2025-06-05,113,1,2,Customer Request,2025-06-08,2025-06-08,1.0
9614,2025-06-05,136,2,5,Customer Request,2025-06-09,2025-06-09,2.0
9177,2025-06-07,105,18,4,Routine Replenishment,2025-06-10,2025-06-10,18.0
9178,2025-06-07,159,41,5,Routine Replenishment,2025-06-11,2025-06-11,31.0
9517,2025-06-07,124,1,2,Customer Request,2025-06-10,,
9179,2025-06-08,106,42,1,Routine Replenishment,2025-06-10,2025-06-14,42.0
9180,2025-06-08,119,41,2,Routine Replenishment,2025-06-11,2025-06-14,41.0
9440,2025-06-08,115,2,2,Customer Request,2025-06-11,2025-06-11,2.0
9181,2025-06-09,123,24,2,Routine Replenishment,2025-06-12,2025-06-12,24.0
9556,2025-06-09,132,1,5,Customer Request,2025-06-13,2025-06-13,1.0
9582,2025-06-09,133,1,1,Customer Request,2025-06-11,2025-06-16,1.0
9644,2025-06-09,137,2,5,Customer Request,2025-06-13,2025-06-13,2.0
9182,2025-06-10,112,47,3,Routine Replenishment,2025-06-15,2025-06-15,47.0
9183,2025-06-11,116,24,3,Routine Replenishment,2025-06-16,2025-06-16,24.0
9184,2025-06-11,158,41,5,Routine Replenishment,2025-06-15,2025-06-15,41.0
9350,2025-06-11,102,2,3,Customer Request,2025-06-16,2025-06-16,1.0
9389,2025-06-11,103,1,5,Customer Request,2025-06-15,2025-06-17,1.0
9441,2025-06-11,115,1,2,Customer Request,2025-06-14,2025-06-14,1.0
9764,2025-06-11,162,1,4,Customer Request,2025-06-14,2025-06-14,1.0
9185,2025-06-12,164,20,3,Routine Replenishment,2025-06-17,2025-06-17,20.0
9714,2025-06-12,153,1,2,Customer Request,2025-06-15,2025-06-15,1.0
9186,2025-06-13,145,21,1,Routine Replenishment,2025-06-15,2025-06-15,21.0
9187,2025-06-13,148,10,4,Routine Replenishment,2025-06-16,2025-06-16,10.0
9188,2025-06-13,156,42,5,Routine Replenishment,2025-06-17,2025-06-17,42.0
9390,2025-06-13,103,2,5,Customer Request,2025-06-17,2025-06-17,2.0
9442,2025-06-13,115,1,2,Customer Request,2025-06-16,2025-06-18,1.0
9189,2025-06-14,170,46,2,Routine Replenishment,2025-06-17,2025-06-17,46.0
9557,2025-06-14,132,1,5,Customer Request,2025-06-18,2025-06-18,1.0
9661,2025-06-14,140,1,3,Customer Request,2025-06-19,2025-06-19,1.0
9190,2025-06-15,161,23,4,Routine Replenishment,2025-06-18,2025-06-21,23.0
9351,2025-06-15,102,1,3,Customer Request,2025-06-20,,
9558,2025-06-15,132,2,5,Customer Request,2025-06-19,2025-06-22,2.0
9765,2025-06-15,162,2,4,Customer Request,2025-06-18,2025-06-18,1.0
9191,2025-06-16,141,24,4,Routine Replenishment,2025-06-19,2025-06-19,24.0
9518,2025-06-16,124,1,2,Customer Request,2025-06-19,2025-06-19,1.0
9645,2025-06-16,137,1,5,Customer Request,2025-06-20,2025-06-20,1.0
9715,2025-06-16,153,2,2,Customer Request,2025-06-19,2025-06-19,1.0
9646,2025-06-17,137,1,5,Customer Request,2025-06-21,2025-06-21,1.0
9192,2025-06-18,118,45,2,Routine Replenishment,2025-06-21,2025-06-21,45.0
9615,2025-06-18,136,2,5,Customer Request,2025-06-22,2025-06-22,2.0
9193,2025-06-19,151,38,4,Routine Replenishment,2025-06-22,2025-06-29,38.0
9194,2025-06-19,166,39,1,Routine Replenishment,2025-06-21,2025-06-25,39.0
9583,2025-06-19,133,1,1,Customer Request,2025-06-21,2025-06-21,1.0
9195,2025-06-20,143,45,4,Routine Replenishment,2025-06-23,2025-06-23,45.0
9443,2025-06-20,115,2,2,Customer Request,2025-06-23,,
9196,2025-06-21,157,23,4,Routine Replenishment,2025-06-24,2025-06-24,23.0
9197,2025-06-21,163,11,1,Routine Replenishment,2025-06-23,2025-06-29,9.0
9352,2025-06-21,102,2,3,Customer Request,2025-06-26,,
9497,2025-06-21,121,2,3,Customer Request,2025-06-26,2025-06-26,2.0
9532,2025-06-21,128,2,3,Customer Request,2025-06-26,,
9559,2025-06-21,132,1,5,Customer Request,2025-06-25,2025-06-25,1.0
9391,2025-06-22,103,1,5,Customer Request,2025-06-26,2025-06-26,1.0
9444,2025-06-22,115,2,2,Customer Request,2025-06-25,2025-06-25,2.0
9198,2025-06-24,165,12,5,Routine Replenishment,2025-06-28,2025-06-28,12.0
9392,2025-06-24,103,2,5,Customer Request,2025-06-28,2025-06-28,1.0
9199,2025-06-25,139,21,3,Routine Replenishment,2025-06-30,2025-06-30,21.0
9533,2025-06-25,128,2,3,Customer Request,2025-06-30,2025-06-30,2.0
9662,2025-06-25,140,1,3,Customer Request,2025-06-30,2025-06-30,1.0
9468,2025-06-27,120,1,2,Customer Request,2025-06-30,2025-06-30,1.0
9683,2025-06-27,144,2,3,Customer Request,2025-07-02,2025-07-02,2.0
9200,2025-06-28,142,45,1,Routine Replenishment,2025-06-30,2025-07-04,45.0
9616,2025-06-28,136,1,5,Customer Request,2025-07-02,2025-07-08,1.0
9201,2025-06-29,101,22,1,Routine Replenishment,2025-07-01,,
9353,2025-06-29,102,2,3,Customer Request,2025-07-04,2025-07-04,2.0
9393,2025-06-29,103,2,5,Customer Request,2025-07-03,2025-07-03,2.0
9498,2025-06-29,121,2,3,Customer Request,2025-07-04,2025-07-04,2.0
9202,2025-06-30,101,22,1,Routine Replenishment,2025-07-02,2025-07-02,22.0
9203,2025-06-30,110,39,5,Routine Replenishment,2025-07-04,2025-07-04,39.0
9204,2025-06-30,168,24,1,Routine Replenishment,2025-07-02,2025-07-02,24.0
9445,2025-06-30,115,2,2,Customer Request,2025-07-03,2025-07-03,1.0
9205,2025-07-01,106,42,1,Routine Replenishment,2025-07-03,2025-07-03,42.0
9206,2025-07-01,127,22,4,Routine Replenishment,2025-07-04,2025-07-08,22.0
9207,2025-07-01,138,19,4,Routine Replenishment,2025-07-04,2025-07-04,19.0
9499,2025-07-01,121,2,3,Customer Request,2025-07-06,2025-07-06,2.0
9560,2025-07-01,132,2,5,Customer Request,2025-07-05,2025-07-05,2.0
9766,2025-07-01,162,1,4,Customer Request,2025-07-04,2025-07-08,1.0
9208,2025-07-02,135,22,3,Routine Replenishment,2025-07-07,2025-07-07,22.0
9209,2025-07-02,150,11,4,Routine Replenishment,2025-07-05,2025-07-08,11.0
9210,2025-07-03,104,22,4,Routine Replenishment,2025-07-06,2025-07-06,22.0
9469,2025-07-03,120,1,2,Customer Request,2025-07-06,2025-07-11,1.0
9211,2025-07-04,152,19,1,Routine Replenishment,2025-07-06,2025-07-06,19.0
9446,2025-07-04,115,2,2,Customer Request,2025-07-07,2025-07-07,2.0
9500,2025-07-04,121,1,3,Customer Request,2025-07-09,2025-07-09,1.0
9617,2025-07-04,136,2,5,Customer Request,2025-07-08,2025-07-08,2.0
9716,2025-07-04,153,1,2,Customer Request,2025-07-07,2025-07-07,1.0
9212,2025-07-05,109,24,3,Routine Replenishment,2025-07-10,2025-07-10,24.0
9213,2025-07-05,122,10,5,Routine Replenishment,2025-07-09,2025-07-09,10.0
9214,2025-07-05,131,49,2,Routine Replenishment,2025-07-08,2025-07-11,49.0
9354,2025-07-05,102,2,3,Customer Request,2025-07-10,2025-07-14,2.0
9215,2025-07-06,160,24,1,Routine Replenishment,2025-07-08,2025-07-08,20.0
9416,2025-07-06,113,1,2,Customer Request,2025-07-09,2025-07-09,0.0
9216,2025-07-07,159,42,5,Routine Replenishment,2025-07-11,2025-07-11,42.0
9561,2025-07-07,132,1,5,Customer Request,2025-07-11,2025-07-11,1.0
9647,2025-07-07,137,2,5,Customer Request,2025-07-11,2025-07-11,2.0
9684,2025-07-07,144,1,3,Customer Request,2025-07-12,2025-07-12,1.0
9217,2025-07-08,167,41,5,Routine Replenishment,2025-07-12,2025-07-18,41.0
9218,2025-07-09,108,13,3,Routine Replenishment,2025-07-14,2025-07-14,13.0
9219,2025-07-09,126,10,1,Routine Replenishment,2025-07-11,2025-07-11,10.0
9220,2025-07-09,129,11,3,Routine Replenishment,2025-07-14,2025-07-14,11.0
9534,2025-07-09,128,1,3,Customer Request,2025-07-14,2025-07-14,1.0
9584,2025-07-09,133,1,1,Customer Request,2025-07-11,2025-07-11,1.0
9221,2025-07-10,123,24,2,Routine Replenishment,2025-07-13,2025-07-13,24.0
9222,2025-07-10,149,19,1,Routine Replenishment,2025-07-12,2025-07-12,19.0
9223,2025-07-11,130,12,5,Routine Replenishment,2025-07-15,2025-07-15,12.0
9224,2025-07-11,145,21,1,Routine Replenishment,2025-07-13,2025-07-13,21.0
9394,2025-07-11,103,2,5,Customer Request,2025-07-15,2025-07-15,2.0
9562,2025-07-11,132,2,5,Customer Request,2025-07-15,2025-07-15,2.0
9225,2025-07-12,134,20,5,Routine Replenishment,2025-07-16,2025-07-16,20.0
9226,2025-07-12,156,42,5,Routine Replenishment,2025-07-16,2025-07-16,42.0
9563,2025-07-12,132,1,5,Customer Request,2025-07-16,2025-07-16,1.0
9618,2025-07-12,136,2,5,Customer Request,2025-07-16,2025-07-16,2.0
9685,2025-07-12,144,1,3,Customer Request,2025-07-17,2025-07-21,1.0
9717,2025-07-12,153,2,2,Customer Request,2025-07-15,2025-07-15,2.0
9564,2025-07-13,132,2,5,Customer Request,2025-07-17,2025-07-17,2.0
9648,2025-07-13,137,2,5,Customer Request,2025-07-17,2025-07-17,2.0
9395,2025-07-14,103,2,5,Customer Request,2025-07-18,2025-07-18,2.0
9619,2025-07-14,136,2,5,Customer Request,2025-07-18,2025-07-18,2.0
9227,2025-07-15,157,22,4,Routine Replenishment,2025-07-18,2025-07-22,20.0
9228,2025-07-15,158,40,5,Routine Replenishment,2025-07-19,2025-07-19,40.0
9229,2025-07-15,169,11,5,Routine Replenishment,2025-07-19,2025-07-19,11.0
9417,2025-07-15,113,1,2,Customer Request,2025-07-18,,
9718,2025-07-15,153,2,2,Customer Request,2025-07-18,2025-07-18,2.0
9746,2025-07-15,154,2,1,Customer Request,2025-07-17,2025-07-17,2.0
9230,2025-07-16,119,41,2,Routine Replenishment,2025-07-19,2025-07-19,41.0
9231,2025-07-16,164,21,3,Routine Replenishment,2025-07-21,2025-07-21,21.0
9418,2025-07-16,113,2,2,Customer Request,2025-07-19,2025-07-19,2.0
9747,2025-07-16,154,2,1,Customer Request,2025-07-18,2025-07-18,2.0
9232,2025-07-17,166,39,1,Routine Replenishment,2025-07-19,2025-07-19,39.0
9233,2025-07-17,170,45,2,Routine Replenishment,2025-07-20,2025-07-20,45.0
9565,2025-07-17,132,1,5,Customer Request,2025-07-21,2025-07-21,1.0
9234,2025-07-18,101,22,1,Routine Replenishment,2025-07-20,2025-07-20,22.0
9235,2025-07-18,116,24,3,Routine Replenishment,2025-07-23,2025-07-23,24.0
9396,2025-07-18,103,2,5,Customer Request,2025-07-22,2025-07-22,2.0
9649,2025-07-18,137,2,5,Customer Request,2025-07-22,2025-07-22,2.0
9236,2025-07-19,146,12,3,Routine Replenishment,2025-07-24,2025-07-24,12.0
9237,2025-07-19,161,23,4,Routine Replenishment,2025-07-22,2025-07-22,21.0
9650,2025-07-19,137,1,5,Customer Request,2025-07-23,2025-07-23,1.0
9748,2025-07-19,154,1,1,Customer Request,2025-07-21,2025-07-26,1.0
9238,2025-07-20,151,37,4,Routine Replenishment,2025-07-23,2025-07-23,37.0
9397,2025-07-20,103,2,5,Customer Request,2025-07-24,2025-07-24,2.0
9749,2025-07-20,154,2,1,Customer Request,2025-07-22,2025-07-24,2.0
9239,2025-07-21,112,49,3,Routine Replenishment,2025-07-26,2025-07-26,44.0
9501,2025-07-21,121,2,3,Customer Request,2025-07-26,2025-07-26,2.0
9620,2025-07-21,136,2,5,Customer Request,2025-07-25,2025-07-25,2.0
9750,2025-07-21,154,1,1,Customer Request,2025-07-23,2025-07-23,1.0
9240,2025-07-22,127,20,4,Routine Replenishment,2025-07-25,2025-07-29,20.0
9686,2025-07-22,144,1,3,Customer Request,2025-07-27,2025-07-27,1.0
9751,2025-07-22,154,2,1,Customer Request,2025-07-24,2025-07-27,2.0
9241,2025-07-23,105,18,4,Routine Replenishment,2025-07-26,2025-07-26,18.0
9242,2025-07-23,118,44,2,Routine Replenishment,2025-07-26,2025-07-26,44.0
9519,2025-07-24,124,1,2,Customer Request,2025-07-27,2025-07-30,1.0
9535,2025-07-24,128,1,3,Customer Request,2025-07-29,2025-08-01,1.0
9355,2025-07-25,102,1,3,Customer Request,2025-07-30,2025-07-30,1.0
9520,2025-07-25,124,1,2,Customer Request,2025-07-28,2025-08-01,1.0
9536,2025-07-25,128,1,3,Customer Request,2025-07-30,2025-07-30,1.0
9566,2025-07-25,132,1,5,Customer Request,2025-07-29,2025-07-29,1.0
9243,2025-07-26,135,21,3,Routine Replenishment,2025-07-31,2025-07-31,21.0
9244,2025-07-26,155,9,3,Routine Replenishment,2025-07-31,2025-07-31,6.0
9521,2025-07-26,124,2,2,Customer Request,2025-07-29,2025-07-29,2.0
9245,2025-07-27,117,20,5,Routine Replenishment,2025-07-31,2025-07-31,20.0
9246,2025-07-28,110,39,5,Routine Replenishment,2025-08-01,2025-08-01,39.0
9419,2025-07-28,113,2,2,Customer Request,2025-07-31,2025-07-31,2.0
9719,2025-07-28,153,1,2,Customer Request,2025-07-31,2025-07-31,1.0
9752,2025-07-28,154,1,1,Customer Request,2025-07-30,2025-07-30,1.0
9247,2025-07-29,139,21,3,Routine Replenishment,2025-08-03,2025-08-07,21.0
9248,2025-07-29,141,24,4,Routine Replenishment,2025-08-01,2025-08-01,24.0
9470,2025-07-29,120,2,2,Customer Request,2025-08-01,2025-08-01,1.0
9249,2025-07-31,143,45,4,Routine Replenishment,2025-08-03,2025-08-03,45.0
9250,2025-07-31,163,11,1,Routine Replenishment,2025-08-02,2025-08-02,11.0
9537,2025-07-31,128,2,3,Customer Request,2025-08-05,2025-08-05,2.0
9720,2025-08-02,153,1,2,Customer Request,2025-08-05,2025-08-05,1.0
9251,2025-08-03,152,19,1,Routine Replenishment,2025-08-05,2025-08-08,19.0
9567,2025-08-03,132,1,5,Customer Request,2025-08-07,2025-08-07,1.0
9721,2025-08-03,153,1,2,Customer Request,2025-08-06,2025-08-06,1.0
9252,2025-08-04,131,51,2,Routine Replenishment,2025-08-07,2025-08-07,51.0
9253,2025-08-04,159,43,5,Routine Replenishment,2025-08-08,,
9356,2025-08-04,102,2,3,Customer Request,2025-08-09,2025-08-09,2.0
9722,2025-08-04,153,2,2,Customer Request,2025-08-07,2025-08-07,2.0
9254,2025-08-05,159,44,5,Routine Replenishment,2025-08-09,2025-08-09,44.0
9398,2025-08-05,103,1,5,Customer Request,2025-08-09,2025-08-09,0.0
9568,2025-08-05,132,1,5,Customer Request,2025-08-09,2025-08-09,1.0
9585,2025-08-05,133,2,1,Customer Request,2025-08-07,2025-08-07,2.0
9255,2025-08-06,134,20,5,Routine Replenishment,2025-08-10,2025-08-10,20.0
9420,2025-08-06,113,2,2,Customer Request,2025-08-09,2025-08-09,2.0
9471,2025-08-06,120,2,2,Customer Request,2025-08-09,2025-08-09,2.0
9502,2025-08-06,121,1,3,Customer Request,2025-08-11,2025-08-11,1.0
9447,2025-08-07,115,2,2,Customer Request,2025-08-10,2025-08-10,2.0
9723,2025-08-07,153,1,2,Customer Request,2025-08-10,2025-08-10,1.0
9256,2025-08-08,104,22,4,Routine Replenishment,2025-08-11,2025-08-11,22.0
9257,2025-08-08,114,10,4,Routine Replenishment,2025-08-11,2025-08-11,10.0
9258,2025-08-08,142,45,1,Routine Replenishment,2025-08-10,2025-08-10,45.0
9399,2025-08-08,103,2,5,Customer Request,2025-08-12,2025-08-12,2.0
9259,2025-08-09,166,40,1,Routine Replenishment,2025-08-11,2025-08-11,40.0
9260,2025-08-09,167,42,5,Routine Replenishment,2025-08-13,2025-08-13,42.0
9261,2025-08-10,138,19,4,Routine Replenishment,2025-08-13,2025-08-16,19.0
9651,2025-08-10,137,2,5,Customer Request,2025-08-14,2025-08-14,2.0
9448,2025-08-11,115,2,2,Customer Request,2025-08-14,2025-08-14,2.0
9569,2025-08-11,132,1,5,Customer Request,2025-08-15,2025-08-15,1.0
9621,2025-08-12,136,1,5,Customer Request,2025-08-16,2025-08-16,0.0
9262,2025-08-13,106,41,1,Routine Replenishment,2025-08-15,2025-08-15,29.0
9263,2025-08-13,156,42,5,Routine Replenishment,2025-08-17,2025-08-17,42.0
9264,2025-08-13,158,41,5,Routine Replenishment,2025-08-17,2025-08-17,41.0
9400,2025-08-13,103,1,5,Customer Request,2025-08-17,2025-08-17,1.0
9570,2025-08-13,132,1,5,Customer Request,2025-08-17,2025-08-17,1.0
9265,2025-08-14,101,21,1,Routine Replenishment,2025-08-16,2025-08-16,21.0
9652,2025-08-14,137,1,5,Customer Request,2025-08-18,2025-08-18,1.0
9724,2025-08-14,153,2,2,Customer Request,2025-08-17,2025-08-22,2.0
9266,2025-08-15,150,10,4,Routine Replenishment,2025-08-18,2025-08-18,8.0
9401,2025-08-15,103,1,5,Customer Request,2025-08-19,2025-08-19,1.0
9522,2025-08-15,124,1,2,Customer Request,2025-08-18,2025-08-18,1.0
9653,2025-08-16,137,1,5,Customer Request,2025-08-20,2025-08-20,1.0
9687,2025-08-16,144,1,3,Customer Request,2025-08-21,2025-08-21,1.0
9357,2025-08-17,102,2,3,Customer Request,2025-08-22,2025-08-26,2.0
9571,2025-08-17,132,2,5,Customer Request,2025-08-21,2025-08-21,2.0
9267,2025-08-18,105,20,4,Routine Replenishment,2025-08-21,2025-08-21,20.0
9538,2025-08-18,128,2,3,Customer Request,2025-08-23,2025-08-23,2.0
9268,2025-08-19,109,25,3,Routine Replenishment,2025-08-24,2025-08-24,25.0
9269,2025-08-19,125,10,4,Routine Replenishment,2025-08-22,2025-08-22,10.0
9270,2025-08-19,164,21,3,Routine Replenishment,2025-08-24,2025-08-24,21.0
9271,2025-08-20,157,22,4,Routine Replenishment,2025-08-23,2025-08-23,22.0
9402,2025-08-20,103,1,5,Customer Request,2025-08-24,2025-08-24,1.0
9654,2025-08-20,137,2,5,Customer Request,2025-08-24,2025-08-24,2.0
9272,2025-08-21,148,10,4,Routine Replenishment,2025-08-24,,
9273,2025-08-21,168,25,1,Routine Replenishment,2025-08-23,2025-08-23,22.0
9274,2025-08-21,170,45,2,Routine Replenishment,2025-08-24,2025-08-24,45.0
9275,2025-08-22,123,24,2,Routine Replenishment,2025-08-25,2025-08-25,24.0
9276,2025-08-22,145,23,1,Routine Replenishment,2025-08-24,2025-08-24,23.0
9277,2025-08-22,148,10,4,Routine Replenishment,2025-08-25,2025-08-25,10.0
9278,2025-08-22,151,38,4,Routine Replenishment,2025-08-25,2025-08-25,38.0
9358,2025-08-22,102,1,3,Customer Request,2025-08-27,2025-08-27,1.0
9279,2025-08-23,119,41,2,Routine Replenishment,2025-08-26,2025-08-26,41.0
9280,2025-08-24,149,19,1,Routine Replenishment,2025-08-26,2025-08-26,19.0
9281,2025-08-24,155,10,3,Routine Replenishment,2025-08-29,2025-08-29,10.0
9753,2025-08-24,154,2,1,Customer Request,2025-08-26,2025-08-26,2.0
9282,2025-08-25,117,20,5,Routine Replenishment,2025-08-29,2025-08-29,20.0
9283,2025-08-25,160,25,1,Routine Replenishment,2025-08-27,2025-08-27,25.0
9449,2025-08-25,115,2,2,Customer Request,2025-08-28,2025-08-28,1.0
9572,2025-08-25,132,2,5,Customer Request,2025-08-29,2025-08-29,2.0
9622,2025-08-25,136,2,5,Customer Request,2025-08-29,2025-08-29,2.0
9284,2025-08-26,127,21,4,Routine Replenishment,2025-08-29,2025-09-02,21.0
9359,2025-08-27,102,2,3,Customer Request,2025-09-01,2025-09-01,2.0
9586,2025-08-27,133,2,1,Customer Request,2025-08-29,2025-08-29,2.0
9655,2025-08-27,137,1,5,Customer Request,2025-08-31,2025-09-03,1.0
9285,2025-08-28,112,48,3,Routine Replenishment,2025-09-02,2025-09-02,36.0
9286,2025-08-28,116,26,3,Routine Replenishment,2025-09-02,2025-09-02,26.0
9287,2025-08-28,118,43,2,Routine Replenishment,2025-08-31,2025-08-31,43.0
9503,2025-08-29,121,1,3,Customer Request,2025-09-03,2025-09-03,1.0
9573,2025-08-30,132,2,5,Customer Request,2025-09-03,2025-09-03,2.0
9623,2025-08-30,136,1,5,Customer Request,2025-09-03,2025-09-08,1.0
9539,2025-08-31,128,1,3,Customer Request,2025-09-05,2025-09-05,0.0
9288,2025-09-01,169,11,5,Routine Replenishment,2025-09-05,2025-09-09,10.0
9472,2025-09-01,120,1,2,Customer Request,2025-09-04,2025-09-07,0.0
9587,2025-09-01,133,1,1,Customer Request,2025-09-03,2025-09-07,0.0
9624,2025-09-01,136,2,5,Customer Request,2025-09-05,2025-09-05,2.0
9289,2025-09-02,110,41,5,Routine Replenishment,2025-09-06,2025-09-06,41.0
9403,2025-09-02,103,1,5,Customer Request,2025-09-06,2025-09-06,1.0
9754,2025-09-03,154,2,1,Customer Request,2025-09-05,2025-09-05,2.0
9290,2025-09-04,106,41,1,Routine Replenishment,2025-09-06,2025-09-06,29.0
9291,2025-09-04,159,44,5,Routine Replenishment,2025-09-08,2025-09-08,44.0
9450,2025-09-04,115,2,2,Customer Request,2025-09-07,2025-09-07,2.0
9292,2025-09-05,131,48,2,Routine Replenishment,2025-09-08,2025-09-08,48.0
9293,2025-09-05,139,21,3,Routine Replenishment,2025-09-10,2025-09-10,21.0
9294,2025-09-05,161,23,4,Routine Replenishment,2025-09-08,2025-09-08,23.0
9540,2025-09-05,128,1,3,Customer Request,2025-09-10,2025-09-10,1.0
9755,2025-09-05,154,1,1,Customer Request,2025-09-07,2025-09-07,1.0
9574,2025-09-06,132,2,5,Customer Request,2025-09-10,2025-09-13,2.0
9688,2025-09-06,144,2,3,Customer Request,2025-09-11,2025-09-11,2.0
9295,2025-09-07,143,45,4,Routine Replenishment,2025-09-10,2025-09-10,45.0
9404,2025-09-07,103,2,5,Customer Request,2025-09-11,2025-09-11,2.0
9625,2025-09-07,136,1,5,Customer Request,2025-09-11,2025-09-11,1.0
9689,2025-09-07,144,2,3,Customer Request,2025-09-12,2025-09-16,2.0
9698,2025-09-07,147,2,2,Customer Request,2025-09-10,2025-09-10,2.0
9296,2025-09-08,135,21,3,Routine Replenishment,2025-09-13,2025-09-13,21.0
9297,2025-09-08,166,40,1,Routine Replenishment,2025-09-10,2025-09-10,40.0
9298,2025-09-08,167,40,5,Routine Replenishment,2025-09-12,2025-09-12,40.0
9523,2025-09-09,124,1,2,Customer Request,2025-09-12,2025-09-12,0.0
9626,2025-09-09,136,1,5,Customer Request,2025-09-13,2025-09-13,1.0
9299,2025-09-10,130,12,5,Routine Replenishment,2025-09-14,2025-09-14,12.0
9300,2025-09-10,146,12,3,Routine Replenishment,2025-09-15,2025-09-15,12.0
9301,2025-09-10,156,42,5,Routine Replenishment,2025-09-14,2025-09-14,42.0
9690,2025-09-10,144,2,3,Customer Request,2025-09-15,2025-09-15,2.0
9756,2025-09-10,154,2,1,Customer Request,2025-09-12,2025-09-12,2.0
9691,2025-09-11,144,2,3,Customer Request,2025-09-16,2025-09-16,2.0
9302,2025-09-12,134,20,5,Routine Replenishment,2025-09-16,2025-09-16,20.0
9504,2025-09-12,121,1,3,Customer Request,2025-09-17,2025-09-19,1.0
9767,2025-09-12,162,1,4,Customer Request,2025-09-15,2025-09-15,1.0
9405,2025-09-13,103,1,5,Customer Request,2025-09-17,2025-09-17,1.0
9541,2025-09-13,128,1,3,Customer Request,2025-09-18,2025-09-18,0.0
9303,2025-09-14,104,22,4,Routine Replenishment,2025-09-17,2025-09-17,20.0
9304,2025-09-14,141,24,4,Routine Replenishment,2025-09-17,2025-09-17,24.0
9305,2025-09-14,158,40,5,Routine Replenishment,2025-09-18,2025-09-18,40.0
9421,2025-09-14,113,1,2,Customer Request,2025-09-17,2025-09-17,1.0
9725,2025-09-14,153,2,2,Customer Request,2025-09-17,2025-09-17,2.0
9757,2025-09-14,154,2,1,Customer Request,2025-09-16,2025-09-16,2.0
9768,2025-09-14,162,1,4,Customer Request,2025-09-17,2025-09-17,1.0
9306,2025-09-15,122,11,5,Routine Replenishment,2025-09-19,2025-09-27,11.0
9307,2025-09-15,142,46,1,Routine Replenishment,2025-09-17,2025-09-17,46.0
9627,2025-09-15,136,1,5,Customer Request,2025-09-19,2025-09-19,1.0
9308,2025-09-16,165,12,5,Routine Replenishment,2025-09-20,2025-09-24,12.0
9406,2025-09-16,103,1,5,Customer Request,2025-09-20,2025-09-20,1.0
9451,2025-09-16,115,2,2,Customer Request,2025-09-19,2025-09-19,2.0
9656,2025-09-16,137,1,5,Customer Request,2025-09-20,2025-09-20,1.0
9505,2025-09-17,121,2,3,Customer Request,2025-09-22,2025-09-27,2.0
9692,2025-09-17,144,1,3,Customer Request,2025-09-22,2025-09-22,1.0
9452,2025-09-18,115,1,2,Customer Request,2025-09-21,2025-09-21,1.0
9473,2025-09-18,120,1,2,Customer Request,2025-09-21,2025-09-27,1.0
9309,2025-09-20,105,18,4,Routine Replenishment,2025-09-23,2025-09-23,18.0
9310,2025-09-20,151,37,4,Routine Replenishment,2025-09-23,2025-09-23,37.0
9360,2025-09-20,102,1,3,Customer Request,2025-09-25,2025-09-25,1.0
9575,2025-09-20,132,2,5,Customer Request,2025-09-24,2025-09-24,2.0
9657,2025-09-20,137,1,5,Customer Request,2025-09-24,,
9453,2025-09-21,115,1,2,Customer Request,2025-09-24,2025-09-24,1.0
9693,2025-09-21,144,2,3,Customer Request,2025-09-26,,
9311,2025-09-22,119,43,2,Routine Replenishment,2025-09-25,2025-09-25,43.0
9312,2025-09-22,168,26,1,Routine Replenishment,2025-09-24,2025-09-24,26.0
9588,2025-09-22,133,1,1,Customer Request,2025-09-24,2025-09-24,1.0
9628,2025-09-22,136,1,5,Customer Request,2025-09-26,2025-09-26,1.0
9313,2025-09-23,101,21,1,Routine Replenishment,2025-09-25,2025-09-25,21.0
9314,2025-09-23,126,10,1,Routine Replenishment,2025-09-25,,
9315,2025-09-23,160,24,1,Routine Replenishment,2025-09-25,,
9316,2025-09-24,108,13,3,Routine Replenishment,2025-09-29,2025-09-29,11.0
9317,2025-09-24,126,10,1,Routine Replenishment,2025-09-26,2025-09-26,10.0
9318,2025-09-24,160,24,1,Routine Replenishment,2025-09-26,2025-09-26,24.0
9454,2025-09-24,115,1,2,Customer Request,2025-09-27,2025-09-27,1.0
9589,2025-09-24,133,2,1,Customer Request,2025-09-26,2025-09-29,2.0
9658,2025-09-24,137,1,5,Customer Request,2025-09-28,,
9758,2025-09-24,154,2,1,Customer Request,2025-09-26,2025-09-26,2.0
9319,2025-09-25,164,20,3,Routine Replenishment,2025-09-30,2025-09-30,14.0
9320,2025-09-26,109,22,3,Routine Replenishment,2025-10-01,,
9361,2025-09-26,102,2,3,Customer Request,2025-10-01,,
9455,2025-09-26,115,2,2,Customer Request,2025-09-29,2025-09-29,2.0
9524,2025-09-26,124,1,2,Customer Request,2025-09-29,,
9576,2025-09-26,132,2,5,Customer Request,2025-09-30,2025-09-30,1.0
9726,2025-09-26,153,2,2,Customer Request,2025-09-29,,
9321,2025-09-27,109,22,3,Routine Replenishment,2025-10-02,,
9474,2025-09-27,120,2,2,Customer Request,2025-09-30,2025-09-30,2.0
9322,2025-09-28,109,22,3,Routine Replenishment,2025-10-03,,
9323,2025-09-28,138,19,4,Routine Replenishment,2025-10-01,,
9324,2025-09-29,109,22,3,Routine Replenishment,2025-10-04,,
9325,2025-09-29,138,19,4,Routine Replenishment,2025-10-02,,
9407,2025-09-29,103,1,5,Customer Request,2025-10-03,,
9422,2025-09-29,113,2,2,Customer Request,2025-10-02,,
9326,2025-09-30,109,22,3,Routine Replenishment,2025-10-05,,
9327,2025-09-30,118,45,2,Routine Replenishment,2025-10-03,,
9328,2025-09-30,138,20,4,Routine Replenishment,2025-10-03,,
9329,2025-09-30,163,11,1,Routine Replenishment,2025-10-02,,
9408,2025-09-30,103,2,5,Customer Request,2025-10-04,,
9694,2025-09-30,144,1,3,Customer Request,2025-10-05,,
